{
  "name": "Blog",
  "layout":"theme.landing",
  "sections": {
    "menu-2":{
      "type":"mdp-weare-menu-2",
      "settings":{
        "menu":"",
        "enabled_topbar": true,
        "enabled_menu": false,
        "enabled_shadow": false,
        "info_text": false,
        "social_icons": true,
        "discounts": true,
        "work_time": true,
        "country_selector": false,
        "language_selector": false,
        "bg_color": "#FFE8E8",
        "icon_color": "#343434",
        "discount_color": "#E9384F",
        "work_time_color": "#343434"
      },
      "blocks": {
        "facebook": {
          "type": "icons",
          "settings": {
            "icon_class": "fab fa-facebook-f",
            "social_link": "https://www.facebook.com/merkuloveteam"
          }
        },
        "instagram": {
          "type": "icons",
          "settings": {
            "icon_class": "fab fa-instagram",
            "social_link": "https://www.instagram.com/merkulove.team/"
          }
        },
        "tiktok": {
          "type": "icons",
          "settings": {
            "icon_class": "fab fa-tiktok",
            "social_link": "https://www.tiktok.com/"
          }
        },
        "whatsapp": {
          "type": "icons",
          "settings": {
            "icon_class": "fab fa-whatsapp",
            "social_link": "https://www.whatsapp.com/"
          }
        },
        "discounts-1": {
          "type": "discounts",
          "settings": {
            "discounts_text": "Up to 50% off Our Best Bits"
          }
        },
        "discounts-2": {
          "type": "discounts",
          "settings": {
            "discounts_text": "Limited Time Only"
          }
        },
        "discounts-3": {
          "type": "discounts",
          "settings": {
            "discounts_text": "Discover More",
            "discounts_link": "https://themeforest.net/user/merkulove/portfolio?direction=desc&order_by=sortable_at&view=grid"
          }
        },
        "work_time": {
          "type": "work_time",
          "settings": {
            "work_time_text": "Mon-Fri 08:00 - 18:00"
          }
        }
      },
      "block_order": [
        "facebook",
        "instagram",
        "tiktok",
        "whatsapp",
        "discounts-1",
        "discounts-2",
        "discounts-3",
        "work_time"
      ]
    },
    "menu-1":{
      "type": "mdp-weare-menu-1",
      "settings":{
        "logo_size": "150x70",
        "menu": "main-menu",
        "search": true,
        "inverted": false
      },
      "blocks": {
        "facebook": {
          "type": "mobile_icons",
          "settings": {
            "icon_class": "fab fa-facebook-f",
            "social_link": "https://www.facebook.com/merkuloveteam"
          }
        },
        "instagram": {
          "type": "mobile_icons",
          "settings": {
            "icon_class": "fab fa-instagram",
            "social_link": "https://www.instagram.com/merkulove.team/"
          }
        },
        "tiktok": {
          "type": "mobile_icons",
          "settings": {
            "icon_class": "fab fa-tiktok",
            "social_link": "https://www.tiktok.com/"
          }
        },
        "whatsapp": {
          "type": "mobile_icons",
          "settings": {
            "icon_class": "fab fa-whatsapp",
            "social_link": "https://www.whatsapp.com/"
          }
        },
        "work_time": {
          "type": "work_time",
          "settings": {
            "work_time_text": "Mon-Fri 08:00 - 18:00"
          }
        }
      },
      "block_order": [
        "facebook",
        "instagram",
        "tiktok",
        "whatsapp",
        "work_time"
      ]
    },
    "breadcrumbs": {
      "type": "breadcrumbs",
      "settings":{}
    },
    "slideshow-blog": {
      "type": "mdp-weare-slideshow-blog",
      "settings": {
        "boxed": true,
        "variant": "style_1",
        "height": "",
        "margin_top": "15",
        "margin_bottom": "80"
      },
      "blocks": {
        "slide-1": {
          "type": "slide",
          "settings": {
            "image": "",
            "bg_color": "#343434",
            "item_image": "shopify://shop_images/slide-1-blog.png",
            "cat": "Lifestyle",
            "title": "Gathering people with independent thinking and individuality",
            "button_string": "Read More",
            "link": "#"
          }
        },
        "slide-2": {
          "type": "slide",
          "settings": {
            "image": "shopify://shop_images/1234.png",
            "bg_color": "",
            "item_image": "shopify://shop_images/slide-2-blog.jpg",
            "cat": "SUSTAINABILITY",
            "title": "Everything in our collection is crafted with longevity in mind",
            "button_string": "Read More",
            "link": "#"
          }
        },
        "slide-3": {
          "type": "slide",
          "settings": {
            "image": "shopify://shop_images/pexels-loc-dang-2991781.jpg",
            "bg_color": "#343434",
            "item_image": "shopify://shop_images/1mg.png",
            "cat": "SUSTAINABILITY",
            "title": "Dress Code: What To Wear For The Party Season",
            "button_string": "Read More",
            "link": "#"
          }
        }
      },
      "block_order": [
        "slide-1",
        "slide-2",
        "slide-3"
      ]
    },
    "icon-list": {
      "type": "mdp-weare-icon-list-blog",
      "settings": {
        "col_per_row": 6,
        "gap": "30",
        "color_content": "#343434",
        "background": "#ffffff",
        "margin_top": "0",
        "margin_bottom": "65",
        "padding_top": "0",
        "padding_bottom": "0"
      },
      "blocks": {
        "header": {
          "type": "list_header",
          "settings": {
            "heading": "Categories/"
          }
        },
        "collection-1": {
          "type": "list_collection",
          "settings": {
            "collection": "accessories"
          }
        },
        "collection-2": {
          "type": "list_collection",
          "settings": {
            "collection": "female"
          }
        },
        "collection-3": {
          "type": "list_collection",
          "settings": {
            "collection": "handbags"
          }
        },
        "collection-4": {
          "type": "list_collection",
          "settings": {
            "collection": "male"
          }
        },
        "collection-5": {
          "type": "list_collection",
          "settings": {
            "collection": "shoes"
          }
        }
      },
      "block_order": [
        "header",
        "collection-1",
        "collection-2",
        "collection-3",
        "collection-4",
        "collection-5"
      ]
    },
    "product": {
      "type": "product-mdp-weare-4",
      "settings": {
        "selected_product": "small-black-bag",
        "image_size": "400x480_crop_center",
        "slider": true,
        "zoom": true,
        "redirect": false,
        "product_boxed": true,
        "one_row": true,
        "product_tabs": false,
        "side_padding": false,
        "margin_top": "0",
        "margin_bottom": "80"
      },
      "blocks": {
        "title": {
          "type": "title",
          "settings": {}
        },
        "description": {
          "type": "description",
          "settings": {
            "excerpt_words": 0,
            "excerpt_ellipsis": "...",
            "read_more": true
          }
        }
      },
      "block_order": [
        "title",
        "description"
      ]
    },
    "hero": {
      "type": "mdp-weare-hero-blog",
      "settings": {
        "title": "10% off when You Subscribe",
        "subtitle": "",
        "heading_margin_left": "0",
        "text_transform": "uppercase",
        "heading_color": "#ffffff",
        "heading_text_size": "32",
        "image": "shopify://shop_images/bg.png",
        "mobile_image": "shopify://shop_images/bg.png",
        "background_size": "cover",
        "background_image": "#F9F9F9",
        "content": "<p>Maecenas vulputate, magna vel rutrum mattis, ex est accumsan tellus</p>",
        "margin_left": "0",
        "image_size": "2000x500_crop_center",
        "button_color": "#E9384F",
        "inverted": false,
        "backed": false,
        "subscribe": true,
        "variant": "center_text",
        "padding_top": "60",
        "padding_bottom": "70",
        "margin_top": "0",
        "margin_bottom": "0"
      }
    },
    "news": {
      "type": "mdp-weare-news-1",
      "settings": {
        "title": "",
        "subtitle": "",
        "blog": "news",
        "limit": 6,
        "col_per_row": 3,
        "gap": "30",
        "image_size": "345x470_crop_center",
        "bg_color": "",
        "boxed": true,
        "inverted": false,
        "show_read_more": false,
        "excerpt_words": 20,
        "excerpt_ellipsis": "...",
        "variant": "style_3",
        "padding_top": "",
        "padding_bottom": "",
        "margin_top": "80",
        "margin_bottom": "80"
      }
    },
    "collection": {
      "type": "mdp-weare-collection-row-shop",
      "settings": {
        "selected_collection": "",
        "bg_color": "#343434",
        "background_image": "",
        "color_text": "#ffffff",
        "print_price_row": false,
        "name_collection": "Styles by you/",
        "button_string": "Shop Now",
        "number_of_products": 4,
        "col_per_row": 5,
        "images_form": "50",
        "image_size": "198x236_crop_center",
        "slider": false,
        "variant": "style_1",
        "reverse": false,
        "indents": "45",
        "margin_top": "0",
        "margin_bottom": "0"
      }
    },
    "footer-1":{
      "type": "mdp-weare-footer-1",
      "settings": {
        "show_payment_icons":true,
        "show_powered_by":true,
        "show_border":true,
        "margin_top":"0"
      },
      "blocks": {
        "about-us": {
          "type": "text",
          "settings": {
            "title": "About Us",
            "text": "<p>Share store details, promotions, or brand content with your customers.</p>"
          }
        },
        "quick-links": {
          "type": "menu",
          "settings": {
            "title": "Quick Links",
            "footer_link_list": "footer"
          }
        },
        "follow-us": {
          "type": "social_medias",
          "settings": {
            "facebook_link": "#",
            "twitter_link": "#",
            "instagram_link": "#",
            "pinterest_link": "#"
          }
        },
        "subscribe": {
          "type": "newsletter",
          "settings": {
            "title": "Subscribe to our newsletter",
            "subtitle": "A short sentence describing what someone will receive by subscribing"
          }
        }
      },
      "block_order": [
        "about-us",
        "quick-links",
        "follow-us",
        "subscribe"
      ]
    }
  },
  "order":[
    "menu-2",
    "menu-1",
    "breadcrumbs",
    "slideshow-blog",
    "icon-list",
    "product",
    "hero",
    "news",
    "collection",
    "footer-1"
  ]
}