{
  "name": "Gallery",
  "layout":"theme.landing",
  "sections": {
    "menu-2":{
      "type":"mdp-weare-menu-2",
      "settings":{
        "menu":"",
        "enabled_topbar": true,
        "enabled_menu": false,
        "enabled_shadow": false,
        "info_text": false,
        "social_icons": true,
        "discounts": true,
        "work_time": true,
        "country_selector": false,
        "language_selector": false,
        "bg_color": "#E9384F",
        "icon_color": "#FFFFFF",
        "discount_color": "#FFFFFF",
        "work_time_color": "#FFFFFF"
      },
      "blocks": {
        "facebook": {
          "type": "icons",
          "settings": {
            "icon_class": "fab fa-facebook-f",
            "social_link": "https://www.facebook.com/merkuloveteam"
          }
        },
        "instagram": {
          "type": "icons",
          "settings": {
            "icon_class": "fab fa-instagram",
            "social_link": "https://www.instagram.com/merkulove.team/"
          }
        },
        "tiktok": {
          "type": "icons",
          "settings": {
            "icon_class": "fab fa-tiktok",
            "social_link": "https://www.tiktok.com/"
          }
        },
        "whatsapp": {
          "type": "icons",
          "settings": {
            "icon_class": "fab fa-whatsapp",
            "social_link": "https://www.whatsapp.com/"
          }
        },
        "discounts-1": {
          "type": "discounts",
          "settings": {
            "discounts_text": "Up to 50% off Our Best Bits"
          }
        },
        "discounts-2": {
          "type": "discounts",
          "settings": {
            "discounts_text": "Limited Time Only"
          }
        },
        "discounts-3": {
          "type": "discounts",
          "settings": {
            "discounts_text": "Discover More",
            "discounts_link": "https://themeforest.net/user/merkulove/portfolio?direction=desc&order_by=sortable_at&view=grid"
          }
        },
        "work_time": {
          "type": "work_time",
          "settings": {
            "work_time_text": "Mon-Fri 08:00 - 18:00"
          }
        }
      },
      "block_order": [
        "facebook",
        "instagram",
        "tiktok",
        "whatsapp",
        "discounts-1",
        "discounts-2",
        "discounts-3",
        "work_time"
      ]
    },
    "menu-1":{
      "type": "mdp-weare-menu-1",
      "settings":{
        "logo_size": "150x70",
        "menu": "main-menu",
        "search": true,
        "inverted": false
      },
      "blocks": {
        "facebook": {
          "type": "mobile_icons",
          "settings": {
            "icon_class": "fab fa-facebook-f",
            "social_link": "https://www.facebook.com/merkuloveteam"
          }
        },
        "instagram": {
          "type": "mobile_icons",
          "settings": {
            "icon_class": "fab fa-instagram",
            "social_link": "https://www.instagram.com/merkulove.team/"
          }
        },
        "tiktok": {
          "type": "mobile_icons",
          "settings": {
            "icon_class": "fab fa-tiktok",
            "social_link": "https://www.tiktok.com/"
          }
        },
        "whatsapp": {
          "type": "mobile_icons",
          "settings": {
            "icon_class": "fab fa-whatsapp",
            "social_link": "https://www.whatsapp.com/"
          }
        },
        "work_time": {
          "type": "work_time",
          "settings": {
            "work_time_text": "Mon-Fri 08:00 - 18:00"
          }
        }
      },
      "block_order": [
        "facebook",
        "instagram",
        "tiktok",
        "whatsapp",
        "work_time"
      ]
    },
    "slideshow": {
      "type": "mdp-weare-slideshow-home-4",
      "settings": {
        "boxed": false,
        "height": "1050",
        "margin_top": "0",
        "margin_bottom": "80"
      },
      "blocks": {
        "slide-1": {
          "type": "slide",
          "settings": {
            "image": "shopify://shop_images/home-4-slide1.jpg",
            "title": "How to create the ultimate capsule <br>wardrobe. New vision"
          }
        },
        "slide-2": {
          "type": "slide",
          "settings": {
            "image": "shopify://shop_images/home-4-slide2.jpg",
            "title": "Essentials, go-tos, closet fail-safes – <br>whatever you call them"
          }
        }
      },
      "block_order": [
        "slide-1",
        "slide-2"
      ]
    },
    "gallery": {
      "type": "mdp-weare-gallery-1-hub-7550",
      "settings": {
        "title": "",
        "subtitle": "",
        "col_per_row": 4,
        "gap": "0",
        "image_size": "400x600_crop_center",
        "magnific_gallery": true,
        "variant": "style_1",
        "margin_top": "0",
        "margin_bottom": "80"
      },
      "blocks": {
        "slide-1": {
          "type": "gallery_item",
          "settings": {
            "image": "shopify://shop_images/6cvnh.png",
            "title": "THE FITTING TOP QUALITY.",
            "content": "<p>Quis nostrud exercitation ullamco laboris</p>",
            "link": "/collections/male"
          }
        },
        "slide-2": {
          "type": "gallery_item",
          "settings": {
            "image": "shopify://shop_images/5csois.png",
            "title": "THE FITTING TOP QUALITY.",
            "content": "<p>Quis nostrud exercitation ullamco laboris</p>",
            "link": "/collections/male"
          }
        },
        "slide-3": {
          "type": "gallery_item",
          "settings": {
            "image": "shopify://shop_images/2848u590.png",
            "title": "THE FITTING TOP QUALITY.",
            "content": "<p>Quis nostrud exercitation ullamco laboris</p>",
            "link": "/collections/male"
          }
        },
        "slide-4": {
          "type": "gallery_item",
          "settings": {
            "image": "shopify://shop_images/2scs.png",
            "title": "THE FITTING TOP QUALITY.",
            "content": "<p>Quis nostrud exercitation ullamco laboris</p>",
            "link": "/collections/male"
          }
        },
        "slide-5": {
          "type": "gallery_item",
          "settings": {
            "image": "shopify://shop_images/7gsh.png",
            "title": "THE FITTING TOP QUALITY.",
            "content": "<p>Quis nostrud exercitation ullamco laboris</p>",
            "link": "/collections/male"
          }
        },
        "slide-6": {
          "type": "gallery_item",
          "settings": {
            "image": "shopify://shop_images/7sgdos.png",
            "title": "THE FITTING TOP QUALITY.",
            "content": "<p>Quis nostrud exercitation ullamco laboris</p>",
            "link": "/collections/male"
          }
        },
        "slide-7": {
          "type": "gallery_item",
          "settings": {
            "image": "shopify://shop_images/9scs76h.png",
            "title": "THE FITTING TOP QUALITY.",
            "content": "<p>Quis nostrud exercitation ullamco laboris</p>",
            "link": "/collections/male"
          }
        },
        "slide-8": {
          "type": "gallery_item",
          "settings": {
            "image": "shopify://shop_images/6scgsubbc.png",
            "title": "THE FITTING TOP QUALITY.",
            "content": "<p>Quis nostrud exercitation ullamco laboris</p>",
            "link": "/collections/male"
          }
        }
      },
      "block_order": [
        "slide-1",
        "slide-2",
        "slide-3",
        "slide-4",
        "slide-5",
        "slide-6",
        "slide-7",
        "slide-8"
      ]
    },
    "logos": {
      "type":"mdp-weare-logos-1",
      "settings":{
        "boxed": false,
        "image_size": "200x90",
        "margin_top": "0",
        "margin_bottom": "80"
      },
      "blocks": {
        "logo-1": {
          "type": "logo",
          "settings": {
            "image": "shopify://shop_images/logo4.png"
          }
        },
        "logo-2": {
          "type": "logo",
          "settings": {
            "image": "shopify://shop_images/logo2.png"
          }
        },
        "logo-3": {
          "type": "logo",
          "settings": {
            "image": "shopify://shop_images/logo3.png"
          }
        },
        "logo-4": {
          "type": "logo",
          "settings": {
            "image": "shopify://shop_images/logo5.png"
          }
        }
      },
      "block_order": [
        "logo-1",
        "logo-2",
        "logo-3",
        "logo-4"
      ]
    },
    "footer-1":{
      "type": "mdp-weare-footer-1",
      "settings": {
        "show_payment_icons":true,
        "show_powered_by":true,
        "show_border":true,
        "margin_top":"0"
      },
      "blocks": {
        "about-us": {
          "type": "text",
          "settings": {
            "title": "About Us",
            "text": "<p>Share store details, promotions, or brand content with your customers.</p>"
          }
        },
        "quick-links": {
          "type": "menu",
          "settings": {
            "title": "Quick Links",
            "footer_link_list": "footer"
          }
        },
        "follow-us": {
          "type": "social_medias",
          "settings": {
            "facebook_link": "#",
            "twitter_link": "#",
            "instagram_link": "#",
            "pinterest_link": "#"
          }
        },
        "subscribe": {
          "type": "newsletter",
          "settings": {
            "title": "Subscribe to our newsletter",
            "subtitle": "A short sentence describing what someone will receive by subscribing"
          }
        }
      },
      "block_order": [
        "about-us",
        "quick-links",
        "follow-us",
        "subscribe"
      ]
    }
  },
  "order":[
    "menu-2",
    "menu-1",
    "slideshow",
    "gallery",
    "logos",
    "footer-1"
  ]
}