{
  "name": "Home 12",
  "layout":"theme.landing",
  "sections": {
    "menu-2":{
      "type":"mdp-weare-menu-2",
      "settings":{
        "menu":"",
        "enabled_topbar": true,
        "enabled_menu": false,
        "enabled_shadow": false,
        "info_text": false,
        "social_icons": true,
        "discounts": true,
        "work_time": true,
        "country_selector": false,
        "language_selector": false,
        "bg_color": "#DDE5E4",
        "icon_color": "#343434",
        "discount_color": "#343434",
        "work_time_color": "#343434"
      },
      "blocks": {
        "facebook": {
          "type": "icons",
          "settings": {
            "icon_class": "fab fa-facebook-f",
            "social_link": "https://www.facebook.com/merkuloveteam"
          }
        },
        "instagram": {
          "type": "icons",
          "settings": {
            "icon_class": "fab fa-instagram",
            "social_link": "https://www.instagram.com/merkulove.team/"
          }
        },
        "tiktok": {
          "type": "icons",
          "settings": {
            "icon_class": "fab fa-tiktok",
            "social_link": "https://www.tiktok.com/"
          }
        },
        "whatsapp": {
          "type": "icons",
          "settings": {
            "icon_class": "fab fa-whatsapp",
            "social_link": "https://www.whatsapp.com/"
          }
        },
        "discounts-1": {
          "type": "discounts",
          "settings": {
            "discounts_text": "Up to 50% off Our Best Bits"
          }
        },
        "discounts-2": {
          "type": "discounts",
          "settings": {
            "discounts_text": "Limited Time Only"
          }
        },
        "discounts-3": {
          "type": "discounts",
          "settings": {
            "discounts_text": "Discover More",
            "discounts_link": "https://themeforest.net/user/merkulove/portfolio?direction=desc&order_by=sortable_at&view=grid"
          }
        },
        "work_time": {
          "type": "work_time",
          "settings": {
            "work_time_text": "Mon-Fri 08:00 - 18:00"
          }
        }
      },
      "block_order": [
        "facebook",
        "instagram",
        "tiktok",
        "whatsapp",
        "discounts-1",
        "discounts-2",
        "discounts-3",
        "work_time"
      ]
    },
    "menu-1":{
      "type": "mdp-weare-menu-1",
      "settings":{
        "logo_size": "150x70",
        "menu": "main-menu",
        "search": true,
        "inverted": false
      },
      "blocks": {
        "facebook": {
          "type": "mobile_icons",
          "settings": {
            "icon_class": "fab fa-facebook-f",
            "social_link": "https://www.facebook.com/merkuloveteam"
          }
        },
        "instagram": {
          "type": "mobile_icons",
          "settings": {
            "icon_class": "fab fa-instagram",
            "social_link": "https://www.instagram.com/merkulove.team/"
          }
        },
        "tiktok": {
          "type": "mobile_icons",
          "settings": {
            "icon_class": "fab fa-tiktok",
            "social_link": "https://www.tiktok.com/"
          }
        },
        "whatsapp": {
          "type": "mobile_icons",
          "settings": {
            "icon_class": "fab fa-whatsapp",
            "social_link": "https://www.whatsapp.com/"
          }
        },
        "work_time": {
          "type": "work_time",
          "settings": {
            "work_time_text": "Mon-Fri 08:00 - 18:00"
          }
        }
      },
      "block_order": [
        "facebook",
        "instagram",
        "tiktok",
        "whatsapp",
        "work_time"
      ]
    },
    "promo": {
      "type": "promo-full-width-home-12",
      "settings":{
        "title_promotwo": "Active ingredients that act efficiently and quickly",
        "subtitle_promotwo": "THE BEAUTY MEMO",
        "image_promotwo": "shopify://shop_images/HeroImg1.png",
        "image_size_promotwo": "1000x1000_crop_center",
        "watermark": "shopify://shop_images/watermark-home-12.png",
        "margin_top_promotwo": "0",
        "margin_bottom_promotwo": "80"
      }
    },
    "slideshow-product": {
      "type": "slideshow-product-home-12",
      "settings":{
        "height": "1000",
        "images_form": "50",
        "margin_bottom": "80"
      },
      "blocks": {
        "slide-1": {
          "type": "slide",
          "settings": {
            "image": "shopify://shop_images/slideshow-cl-home-12.png",
            "subtitle": "Beauty Trends",
            "title": "list of the 50 most influential beauty products in healthcare",
            "content": "<p>Integer suscipit sollicitudin sem, in porta nisi dignissim sit amet. Aenean ultrices elit dui, vitae mollis justo elementum sit amet. Nam et nisi et nibh varius congue. Nunc dictum mi id purus interdum pulvinar. Proin rhoncus venenatis sem, quis aliquam magna iaculis eu. Nulla magna dui, pretium nec risus</p><ul><li>Curabitur feugiat enim molestie, dignissim sem</li><li>Feugiat enim molestie, dignissim sem</li><li>Etiam gravida tortor a mauris pellentesque, ac consectetur</li></ul>",
            "product_list": ["biege-ankle-boots-3", "biege-ankle-boots-2", "faux-leather-shoulder-bag-2"],
            "button_string": "Discover more",
            "link": "#"
          }
        }
      },
      "block_order": [
        "slide-1"
      ]
    },
    "collection-grid-min": {
      "type":"mdp-weare-collection-carousel",
      "settings":{
        "title": "Basic Skin Care",
        "boxed": false,
        "selected_collection": "basic-skin-care",
        "number_of_products": 4,
        "slides_per_view": 4,
        "slides_per_view_md": 3,
        "slides_per_view_sm": 2,
        "slides_per_view_xs": 1,
        "images_form": "0",
        "image_size": "original",
        "font_size_header": 38,
        "heading_alignment": "center",
        "view_all_string": "",
        "background_container": "",
        "slider": false,
        "print_price": true,
        "margin_bottom": "40"
      }
    },
    "hero-bg":{
      "type":"hero-home-12",
      "settings":{
        "title_herotwo": "Upping your skin <br> hydration is the key",
        "image_herotwo": "shopify://shop_images/bnner-hero-12.png",
        "heading_color_herotwo": "#343434",
        "image_size_herotwo": "1920x650_crop_center",
        "button_string_herotwo": "Discover more",
        "link_herotwo": "#",
        "padding_top_herotwo": "350",
        "padding_bottom_herotwo": "200"
      }
    },
    "collection-grid-big": {
      "type":"mdp-weare-collection-grid",
      "settings":{
        "title": "",
        "boxed": false,
        "selected_collection": "home-12",
        "number_of_products": 12,
        "col_per_row": 4,
        "images_form": "0",
        "image_size": "original",
        "slider": false,
        "show_price": true,
        "margin_top": "80",
        "margin_bottom": "65"
      }
    },
    "hero-text": {
      "type":"mdp-weare-hero-2-1",
      "settings":{
        "title_herotwo": "Get Coupon SALE WEEK 64%",
        "heading_color_herotwo": "#343434",
        "text_color_herotwo": "#343434",
        "background_image_herotwo": "#DDE5E4",
        "content_herotwo": "<p>Duis posuere interdum eros, eu tincidunt libero tempus tempor</p>",
        "boxed": false,
        "padding_top_herotwo": "30",
        "padding_bottom_herotwo": "30",
        "margin_top_herotwo": "0",
        "margin_bottom_herotwo": "0"
      }
    },
    "icon-list": {
      "type":"mdp-weare-icon-list-2",
      "settings":{
        "col_per_row": 3,
        "gap": "30",
        "margin_top": "80",
        "margin_bottom": "65"
      },
      "blocks": {
        "list-item-1":{
          "type": "list_item",
          "settings": {
            "icon_class": "fas fa-shipping-fast",
            "content": "<p>Free Shipping. All orders of $49 or more of eligible items across any product category qualify.</p>"
          }
        },
        "list-item-2":{
          "type": "list_item",
          "settings": {
            "icon_class": "fas fa-money-check-alt",
            "content": "<p>Payment Methods. Credit Card: Visa, MasterCard, Maestro, American Express.</p>"
          }
        },
        "list-item-3":{
          "type": "list_item",
          "settings": {
            "icon_class": "fas fa-history",
            "content": "<p>Returns & Refunds. You can return any item purchased on SectionHub within 20 days of the delivery date.</p>"
          }
        }
      },
      "block_order": [
        "list-item-1",
        "list-item-2",
        "list-item-3"
      ]
    },
    "footer-1":{
      "type":"mdp-weare-footer-1",
      "settings":{
        "show_payment_icons":true,
        "show_powered_by":true,
        "show_border":true,
        "margin_top":"0"
      },
      "blocks": {
        "about-us": {
          "type": "text",
          "settings": {
            "title": "About Us",
            "phone": "123-456-7890",
            "text": "<p>Share store details, promotions, or brand content with your customers.</p>"
          }
        },
        "quick-links": {
          "type": "menu",
          "settings": {
            "title": "Quick Links",
            "footer_link_list": "footer"
          }
        },
        "follow-us": {
          "type": "social_medias",
          "settings": {
            "facebook_link": "#",
            "twitter_link": "#",
            "instagram_link": "#",
            "pinterest_link": "#"
          }
        },
        "subscribe": {
          "type": "newsletter",
          "settings": {
            "title": "Subscribe to our newsletter",
            "subtitle": "A short sentence describing what someone will receive by subscribing"
          }
        }
      },
      "block_order": [
        "about-us",
        "quick-links",
        "follow-us",
        "subscribe"
      ]
    }
  },
  "order":[
    "menu-2",
    "menu-1",
    "promo",
    "slideshow-product",
    "collection-grid-min",
    "hero-bg",
    "collection-grid-big",
    "hero-text",
    "icon-list",
    "footer-1"
  ]
}