{
  "name": "Home 3",
  "layout":"theme.landing",
  "sections": {
    "menu-2":{
      "type":"mdp-weare-menu-2",
      "settings":{
        "menu":"",
        "enabled_topbar": true,
        "enabled_menu": false,
        "enabled_shadow": false,
        "info_text": false,
        "social_icons": true,
        "discounts": true,
        "work_time": true,
        "country_selector": false,
        "language_selector": false,
        "bg_color": "#343434",
        "icon_color": "#F9F9F9",
        "discount_color": "#F9F9F9",
        "work_time_color": "#F9F9F9"
      },
      "blocks": {
        "facebook": {
          "type": "icons",
          "settings": {
            "icon_class": "fab fa-facebook-f",
            "social_link": "https://www.facebook.com/merkuloveteam"
          }
        },
        "instagram": {
          "type": "icons",
          "settings": {
            "icon_class": "fab fa-instagram",
            "social_link": "https://www.instagram.com/merkulove.team/"
          }
        },
        "tiktok": {
          "type": "icons",
          "settings": {
            "icon_class": "fab fa-tiktok",
            "social_link": "https://www.tiktok.com/"
          }
        },
        "whatsapp": {
          "type": "icons",
          "settings": {
            "icon_class": "fab fa-whatsapp",
            "social_link": "https://www.whatsapp.com/"
          }
        },
        "discounts-1": {
          "type": "discounts",
          "settings": {
            "discounts_text": "Up to 50% off Our Best Bits"
          }
        },
        "discounts-2": {
          "type": "discounts",
          "settings": {
            "discounts_text": "Limited Time Only"
          }
        },
        "discounts-3": {
          "type": "discounts",
          "settings": {
            "discounts_text": "Discover More",
            "discounts_link": "https://themeforest.net/user/merkulove/portfolio?direction=desc&order_by=sortable_at&view=grid"
          }
        },
        "work_time": {
          "type": "work_time",
          "settings": {
            "work_time_text": "Mon-Fri 08:00 - 18:00"
          }
        }
      },
      "block_order": [
        "facebook",
        "instagram",
        "tiktok",
        "whatsapp",
        "discounts-1",
        "discounts-2",
        "discounts-3",
        "work_time"
      ]
    },
    "menu-1":{
      "type": "mdp-weare-menu-1",
      "settings":{
        "logo_size": "150x70",
        "menu": "main-menu",
        "search": true,
        "inverted": false
      },
      "blocks": {
        "facebook": {
          "type": "mobile_icons",
          "settings": {
            "icon_class": "fab fa-facebook-f",
            "social_link": "https://www.facebook.com/merkuloveteam"
          }
        },
        "instagram": {
          "type": "mobile_icons",
          "settings": {
            "icon_class": "fab fa-instagram",
            "social_link": "https://www.instagram.com/merkulove.team/"
          }
        },
        "tiktok": {
          "type": "mobile_icons",
          "settings": {
            "icon_class": "fab fa-tiktok",
            "social_link": "https://www.tiktok.com/"
          }
        },
        "whatsapp": {
          "type": "mobile_icons",
          "settings": {
            "icon_class": "fab fa-whatsapp",
            "social_link": "https://www.whatsapp.com/"
          }
        },
        "work_time": {
          "type": "work_time",
          "settings": {
            "work_time_text": "Mon-Fri 08:00 - 18:00"
          }
        }
      },
      "block_order": [
        "facebook",
        "instagram",
        "tiktok",
        "whatsapp",
        "work_time"
      ]
    },
    "slideshow": {
      "type":"mdp-weare-slideshow-home-3",
      "settings": {
        "boxed": false,
        "variant": "style_1",
        "margin_top": "0",
        "margin_bottom": "0"
      },
      "blocks": {
        "slide-1": {
          "type": "slide",
          "settings": {
            "image": "shopify://shop_images/home-3-slide1_image_1.png",
            "title": "With an elegant touch <br> of sophistication",
            "subtitle": "New Watch Collectoion <br>..",
            "button_string": "Shop Collection",
            "link": "#",
            "image_product": "shopify://shop_images/slode1_image_2.png"
          }
        },
        "slide-2": {
          "type": "slide",
          "settings": {
            "image": "shopify://shop_images/home-3-slide2_image_1.png",
            "title": "Small additions to <br> personality and chic",
            "subtitle": "New Watch Collectoion <br>..",
            "button_string": "Shop Collection",
            "link": "#",
            "image_product": "shopify://shop_images/slide2_image_2.png"
          }
        },
        "slide-3": {
          "type": "slide",
          "settings": {
            "image": "shopify://shop_images/home-3-slid3_image1.jpg",
            "title": "Modern reproductions <br> of vintage watches",
            "subtitle": "New Watch Collectoion <br>..",
            "button_string": "Shop Collection",
            "link": "#",
            "image_product": "shopify://shop_images/slide3_image_2.png"
          }
        }
      },
      "block_order": [
        "slide-1",
        "slide-2",
        "slide-3"
      ]
    },
    "collections": {
      "type": "mdp-weare-collections-home-3",
      "settings": {
        "display_type": "selected",
        "sort": "alphabetical",
        "number_of_collections": 3,
        "col_per_row": 3,
        "gap": "0",
        "image_size": "583x269_crop_center",
        "variant": "style_1",
        "margin_top": "80",
        "margin_bottom": "80"
      },
      "blocks": {
        "collection-1": {
          "type": "collection",
          "settings": {
            "collection": "latest-products"
          }
        },
        "collection-2": {
          "type": "collection",
          "settings": {
            "collection": "brands"
          }
        },
        "collection-3": {
          "type": "collection",
          "settings": {
            "collection": "best-sellers"
          }
        }
      },
      "block_order": [
        "collection-1",
        "collection-2",
        "collection-3"
      ]
    },
    "promo": {
      "type": "mdp-weare-promo-home-3",
      "settings": {
        "title_promotwo": "",
        "subtitle_promotwo": "",
        "image_promotwo": "shopify://shop_images/home3-promo-1.png",
        "image_size_promotwo": "600x600_crop_center",
        "variant_promotwo": "right_text",
        "margin_top_promotwo": "0",
        "margin_bottom_promotwo": "0"
      },
      "blocks": {
        "product": {
          "type": "product_link",
          "settings": {
            "name_product": "Gold Limited Edition Hand-Wound <br> Double Flying",
            "text_align": "center",
            "font_size": "16",
            "type_product": "Limited Edition",
            "product_price": "640",
            "image_product": "shopify://shop_images/Product_Image1.png",
            "image_size_produst": "368x491_crop_center"
          }
        }
      },
      "block_order": [
        "product"
      ]
    },
    "collection-carousel": {
      "type": "mdp-weare-collection-carousel-home-3",
        "settings": {
        "title": "Modern Re-interpretation",
        "subtitle": "",
        "selected_collection": "modern-re-interpretation",
        "print_price": true,
        "number_of_products": 10,
        "slides_per_view": 4,
        "slides_per_view_md": 2,
        "slides_per_view_sm": 2,
        "slides_per_view_xs": 1,
        "image_size": "406x440_crop_center",
        "slider": false,
        "view_all_string": "",
        "margin_top": "80",
        "margin_bottom": "80"
      }
    },
    "slideshow-footer": {
      "type": "mdp-weare-slideshow-home-3-1",
      "settings": {
        "boxed": true,
        "variant": "style_1",
        "margin_top": "0",
        "margin_bottom": "70"
      },
      "blocks": {
        "slide-1": {
          "type": "slide",
          "settings": {
            "image": "shopify://shop_images/home-3-item1.png",
            "subtitle": "Limited Edition",
            "title": "Hand-Wound Double <br> Flying Watch",
            "content": "<p>This watches an exercise in top-down luxury 43 mm in diameter. Satin-polished steel. Bi-directionnal rotating steel bezel with anodised black aluminium ring and 60-minute scale. Screw-down crown. Sapphire case back</p>",
            "mini_img_product_1": "shopify://shop_images/img_1.png",
            "mini_img_product_2": "shopify://shop_images/strapes.png"
          }
        },
        "slide-2": {
          "type": "slide",
          "settings": {
            "image": "shopify://shop_images/Main_Image_slide2.png",
            "subtitle": "Limited Edition",
            "title": "Flying",
            "content": "<p>This watches an exercise in top-down luxury43 mm in diameter. Satin-polished steel. Bi-directionnal rotating steel bezel with anodised black aluminium ring and 60-minute scale. Screw-down crown. Sapphire case back</p>",
            "mini_img_product_1": "shopify://shop_images/img_2_copy.png",
            "mini_img_product_2": "shopify://shop_images/strapes.png"
          }
        }
      },
      "block_order": [
        "slide-1",
        "slide-2"
      ]
    },
    "video": {
      "type": "mdp-weare-video-home-3",
      "settings": {
        "image": "shopify://shop_images/time.jpg",
        "image_size": "original",
        "bg_color": "",
        "text_color": "#343434",
        "margin_top": "0",
        "margin_bottom": "0"
      }
    },
    "hero": {
      "type": "mdp-weare-hero-2-1",
      "settings": {
        "title_herotwo": "Get Coupon SALE WEEK 64%",
        "title_link": "#",
        "heading_margin_left_herotwo": "0",
        "heading_color_herotwo": "",
        "text_color_herotwo": "#343434",
        "background_image_herotwo": "#F9F5F2",
        "content_herotwo": "<p>Duis posuere interdum eros, eu tincidunt libero tempus tempor</p>",
        "boxed": false,
        "padding_top_herotwo": "30",
        "padding_bottom_herotwo": "30"
      }
    },
    "promo-footer": {
      "type": "mdp-weare-promo-products",
      "settings": {
        "title": "",
        "subtitle": "",
        "margin_top": "80",
        "margin_bottom": "80"
      },
      "blocks": {
        "product-1": {
          "type": "product",
          "settings": {
            "product_item": "srv192-steel",
            "type_product": "Limited Edition",
            "available_text": "Available on November 2022",
            "btn_product": "Specifications"
          }
        },
        "product-2": {
          "type": "product",
          "settings": {
            "product_item": "brv192-steel-military",
            "type_product": "Limited Edition",
            "available_text": "Available on November 2022",
            "btn_product": "Specifications"
          }
        }
      },
      "block_order": [
        "product-1",
        "product-2"
      ]
    },
    "footer-1":{
      "type":"mdp-weare-footer-1",
      "settings":{
        "show_payment_icons":true,
        "show_powered_by":true,
        "show_border":true,
        "margin_top":"0"
      },
      "blocks": {
        "about-us": {
          "type": "text",
          "settings": {
            "title": "About Us",
            "text": "<p>Share store details, promotions, or brand content with your customers.</p>"
          }
        },
        "quick-links": {
          "type": "menu",
          "settings": {
            "title": "Quick Links",
            "footer_link_list": "footer"
          }
        },
        "follow-us": {
          "type": "social_medias",
          "settings": {
            "facebook_link": "#",
            "twitter_link": "#",
            "instagram_link": "#",
            "pinterest_link": "#"
          }
        },
        "subscribe": {
          "type": "newsletter",
          "settings": {
            "title": "Subscribe to our newsletter",
            "subtitle": "A short sentence describing what someone will receive by subscribing"
          }
        }
      },
      "block_order": [
        "about-us",
        "quick-links",
        "follow-us",
        "subscribe"
      ]
    }
  },
  "order":[
    "menu-2",
    "menu-1",
    "slideshow",
    "collections",
    "promo",
    "collection-carousel",
    "slideshow-footer",
    "video",
    "hero",
    "promo-footer",
    "footer-1"
  ]
}