{
  "name": "Home 18",
  "layout":"theme.landing",
  "sections": {
    "menu-2":{
      "type":"mdp-weare-menu-2",
      "settings":{
        "menu":"",
        "enabled_topbar": true,
        "enabled_menu": false,
        "enabled_shadow": false,
        "info_text": false,
        "social_icons": true,
        "discounts": true,
        "work_time": true,
        "country_selector": false,
        "language_selector": false,
        "bg_color": "#343434",
        "icon_color": "#FFFFFF",
        "discount_color": "#FFFFFF",
        "work_time_color": "#FFFFFF"
      },
      "blocks": {
        "facebook": {
          "type": "icons",
          "settings": {
            "icon_class": "fab fa-facebook-f",
            "social_link": "https://www.facebook.com/merkuloveteam"
          }
        },
        "instagram": {
          "type": "icons",
          "settings": {
            "icon_class": "fab fa-instagram",
            "social_link": "https://www.instagram.com/merkulove.team/"
          }
        },
        "tiktok": {
          "type": "icons",
          "settings": {
            "icon_class": "fab fa-tiktok",
            "social_link": "https://www.tiktok.com/"
          }
        },
        "whatsapp": {
          "type": "icons",
          "settings": {
            "icon_class": "fab fa-whatsapp",
            "social_link": "https://www.whatsapp.com/"
          }
        },
        "discounts-1": {
          "type": "discounts",
          "settings": {
            "discounts_text": "Up to 50% off Our Best Bits"
          }
        },
        "discounts-2": {
          "type": "discounts",
          "settings": {
            "discounts_text": "Limited Time Only"
          }
        },
        "discounts-3": {
          "type": "discounts",
          "settings": {
            "discounts_text": "Discover More",
            "discounts_link": "https://themeforest.net/user/merkulove/portfolio?direction=desc&order_by=sortable_at&view=grid"
          }
        },
        "work_time": {
          "type": "work_time",
          "settings": {
            "work_time_text": "Mon-Fri 08:00 - 18:00"
          }
        }
      },
      "block_order": [
        "facebook",
        "instagram",
        "tiktok",
        "whatsapp",
        "discounts-1",
        "discounts-2",
        "discounts-3",
        "work_time"
      ]
    },
    "menu-1":{
      "type": "mdp-weare-menu-1",
      "settings":{
        "logo_size": "150x70",
        "menu": "main-menu",
        "search": true,
        "inverted": false
      },
      "blocks": {
        "facebook": {
          "type": "mobile_icons",
          "settings": {
            "icon_class": "fab fa-facebook-f",
            "social_link": "https://www.facebook.com/merkuloveteam"
          }
        },
        "instagram": {
          "type": "mobile_icons",
          "settings": {
            "icon_class": "fab fa-instagram",
            "social_link": "https://www.instagram.com/merkulove.team/"
          }
        },
        "tiktok": {
          "type": "mobile_icons",
          "settings": {
            "icon_class": "fab fa-tiktok",
            "social_link": "https://www.tiktok.com/"
          }
        },
        "whatsapp": {
          "type": "mobile_icons",
          "settings": {
            "icon_class": "fab fa-whatsapp",
            "social_link": "https://www.whatsapp.com/"
          }
        },
        "work_time": {
          "type": "work_time",
          "settings": {
            "work_time_text": "Mon-Fri 08:00 - 18:00"
          }
        }
      },
      "block_order": [
        "facebook",
        "instagram",
        "tiktok",
        "whatsapp",
        "work_time"
      ]
    },
    "hero-top": {
      "type": "mdp-weare-hero-footer-home-7",
      "settings": {
        "title_herotwo": "Delicious on its own, on a cheeseboard and to cook with.",
        "heading_color_herotwo": "#343434",
        "image_herotwo": "shopify://shop_images/cheese-2021-08-26-16-00-35-utc.jpg",
        "background_size_herotwo": "cover",
        "image_size_herotwo": "1600x1000_crop_center",
        "background_image_herotwo": "#FFFFFF",
        "boxed": false,
        "variant_herotwo": "end",
        "padding_top_herotwo": "320",
        "padding_bottom_herotwo": "320",
        "margin_top_herotwo": "0",
        "margin_bottom_herotwo": "80"
      }
    },
    "collection-carousel": {
      "type": "mdp-weare-collection-carousel",
      "settings":{
        "title": "",
        "selected_collection": "popular-cheeses",
        "print_price": true,
        "number_of_products": 12,
        "slides_per_view": 4,
        "images_form": "0",
        "image_size": "500x500",
        "slider": false,
        "boxed": false,
        "background_container": "",
        "margin_top": "0",
        "margin_bottom": "80"
      }
    },
    "hero-img": {
      "type": "mdp-weare-hero-home-7",
      "settings":{
        "title_herotwo": "to Building the Perfect <br/> Cheese Board",
        "subtitle_herotwo": "5 Ways",
        "heading_margin_left_herotwo": "0",
        "heading_color_herotwo": "#ffffff",
        "subtitle_color_herotwo": "#FFFEA7",
        "text_color_herotwo": "#ffffff",
        "image_herotwo": "shopify://shop_images/new-baner-home-18.jpg",
        "background_size_herotwo": "cover",
        "background_image_herotwo": "",
        "content_herotwo": "<p>Sed elementum ultricies elementum. Praesent tortor lorem, fermentum in purus quis, sodales faucibus tortor. Pellentesque vitae hendrerit sapien. Cras eu dictum massa. Ut iaculis efficitur massa a pharetra. Vivamus at convallis tellus</p>",
        "image_size_herotwo": "1600x1000_crop_center",
        "boxed": false,
        "variant_herotwo": "start",
        "padding_top_herotwo": "200",
        "padding_bottom_herotwo": "200",
        "margin_top_herotwo": "0",
        "margin_bottom_herotwo": "80"
      }
    },
    "collection": {
      "type": "mdp-weare-collection-grid",
      "settings":{
        "title": "",
        "boxed": false,
        "selected_collection": "cheese",
        "number_of_products": 18,
        "col_per_row": 6,
        "gap": "35",
        "image_size": "500x500",
        "slider": false,
        "show_price": true,
        "show_btn_cl": true,
        "btn_text_collection": "Discover more",
        "margin_bottom": "80"
      }
    },
    "hero-footer": {
      "type": "mdp-weare-hero-footer-home-7",
      "settings": {
        "title_herotwo": "Best 50 unpasteurised cheese with a range of flavours",
        "heading_color_herotwo": "#343434",
        "image_herotwo": "shopify://shop_images/different-types-of-cheese-2021-08-31-20-19-48-utc.jpg",
        "background_size_herotwo": "cover",
        "image_size_herotwo": "1600x1000_crop_center",
        "background_image_herotwo": "#FFFFFF",
        "boxed": false,
        "variant_herotwo": "end",
        "padding_top_herotwo": "240",
        "padding_bottom_herotwo": "240",
        "margin_top_herotwo": "0",
        "margin_bottom_herotwo": "0"
      }
    },
    "footer-1":{
      "type":"mdp-weare-footer-1",
      "settings":{
        "show_payment_icons":true,
        "show_powered_by":true,
        "show_border": false,
        "margin_top":"0"
      },
      "blocks": {
        "about-us": {
          "type": "text",
          "settings": {
            "title": "About Us",
            "text": "<p>Share store details, promotions, or brand content with your customers.</p>"
          }
        },
        "quick-links": {
          "type": "menu",
          "settings": {
            "title": "Quick Links",
            "footer_link_list": "footer"
          }
        },
        "follow-us": {
          "type": "social_medias",
          "settings": {
            "facebook_link": "#",
            "twitter_link": "#",
            "instagram_link": "#",
            "pinterest_link": "#"
          }
        },
        "subscribe": {
          "type": "newsletter",
          "settings": {
            "title": "Subscribe to our newsletter",
            "subtitle": "A short sentence describing what someone will receive by subscribing"
          }
        }
      },
      "block_order": [
        "about-us",
        "quick-links",
        "follow-us",
        "subscribe"
      ]
    }
  },
  "order":[
    "menu-2",
    "menu-1",
    "hero-top",
    "collection-carousel",
    "hero-img",
    "collection",
    "hero-footer",
    "footer-1"
  ]
}