{
  "name": "Home 10",
  "layout":"theme.landing",
  "sections": {
    "menu-2":{
      "type":"mdp-weare-menu-2",
      "settings":{
        "menu":"",
        "enabled_topbar": true,
        "enabled_menu": false,
        "enabled_shadow": false,
        "info_text": false,
        "social_icons": true,
        "discounts": true,
        "work_time": true,
        "country_selector": false,
        "language_selector": false,
        "bg_color": "#F6F6F6",
        "icon_color": "#343434",
        "discount_color": "#343434",
        "work_time_color": "#343434"
      },
      "blocks": {
        "facebook": {
          "type": "icons",
          "settings": {
            "icon_class": "fab fa-facebook-f",
            "social_link": "https://www.facebook.com/merkuloveteam"
          }
        },
        "instagram": {
          "type": "icons",
          "settings": {
            "icon_class": "fab fa-instagram",
            "social_link": "https://www.instagram.com/merkulove.team/"
          }
        },
        "tiktok": {
          "type": "icons",
          "settings": {
            "icon_class": "fab fa-tiktok",
            "social_link": "https://www.tiktok.com/"
          }
        },
        "whatsapp": {
          "type": "icons",
          "settings": {
            "icon_class": "fab fa-whatsapp",
            "social_link": "https://www.whatsapp.com/"
          }
        },
        "discounts-1": {
          "type": "discounts",
          "settings": {
            "discounts_text": "Up to 50% off Our Best Bits"
          }
        },
        "discounts-2": {
          "type": "discounts",
          "settings": {
            "discounts_text": "Limited Time Only"
          }
        },
        "discounts-3": {
          "type": "discounts",
          "settings": {
            "discounts_text": "Discover More",
            "discounts_link": "https://themeforest.net/user/merkulove/portfolio?direction=desc&order_by=sortable_at&view=grid"
          }
        },
        "work_time": {
          "type": "work_time",
          "settings": {
            "work_time_text": "Mon-Fri 08:00 - 18:00"
          }
        }
      },
      "block_order": [
        "facebook",
        "instagram",
        "tiktok",
        "whatsapp",
        "discounts-1",
        "discounts-2",
        "discounts-3",
        "work_time"
      ]
    },
    "menu-1":{
      "type": "mdp-weare-menu-1",
      "settings":{
        "logo_size": "150x70",
        "menu": "main-menu",
        "search": true,
        "inverted": false
      },
      "blocks": {
        "facebook": {
          "type": "mobile_icons",
          "settings": {
            "icon_class": "fab fa-facebook-f",
            "social_link": "https://www.facebook.com/merkuloveteam"
          }
        },
        "instagram": {
          "type": "mobile_icons",
          "settings": {
            "icon_class": "fab fa-instagram",
            "social_link": "https://www.instagram.com/merkulove.team/"
          }
        },
        "tiktok": {
          "type": "mobile_icons",
          "settings": {
            "icon_class": "fab fa-tiktok",
            "social_link": "https://www.tiktok.com/"
          }
        },
        "whatsapp": {
          "type": "mobile_icons",
          "settings": {
            "icon_class": "fab fa-whatsapp",
            "social_link": "https://www.whatsapp.com/"
          }
        },
        "work_time": {
          "type": "work_time",
          "settings": {
            "work_time_text": "Mon-Fri 08:00 - 18:00"
          }
        }
      },
      "block_order": [
        "facebook",
        "instagram",
        "tiktok",
        "whatsapp",
        "work_time"
      ]
    },
    "hero": {
      "type": "mdp-weare-hero-home-ten",
      "settings": {
        "title_herotwo": "Home Limited",
        "subtitle_herotwo": "LIMITED COLLECTION",
        "heading_margin_left_herotwo": "0",
        "heading_color_herotwo": "#343434",
        "text_color_herotwo": "#343434",
        "image_herotwo": "shopify://shop_images/banner1_nome11.png",
        "background_size_herotwo": "contain",
        "background_image_herotwo": "#F6F6F6",
        "image_size_herotwo": "1920x813_crop_center",
        "boxed": true,
        "variant_herotwo": "end",
        "link_text": "/View More Details",
        "link_url": "#",
        "padding_top_herotwo": "300",
        "padding_bottom_herotwo": "300",
        "margin_top_herotwo": "0",
        "margin_bottom_herotwo": "80"
      }
    },
    "collection-grid": {
      "type": "mdp-weare-collection-grid",
      "settings": {
        "title": "",
        "subtitle": "",
        "boxed": false,
        "selected_collection": "home-10-one",
        "number_of_products": 10,
        "col_per_row": 3,
        "gutter": "30",
        "images_form": "90",
        "image_size": "original",
        "slider": false,
        "show_price": true,
        "background": "",
        "padding_top": "0",
        "padding_bottom": "0",
        "margin_top": "0",
        "margin_bottom": "0"
      }
    },
    "promo-full-width": {
      "type": "mdp-weare-promo-full-width",
      "settings": {
        "title_promotwo": "",
        "subtitle_promotwo": "",
        "boxed": false,
        "image_promotwo": "shopify://shop_images/17069746_36033390_1920.jpg",
        "image_size_promotwo": "872x950_crop_center",
        "bg_color_promotwo": "",
        "variant_promotwo": "left_text",
        "margin_top_promotwo": "80",
        "margin_bottom_promotwo": "80"
      },
      "blocks": {
        "product": {
          "type": "product_link",
          "settings": {
            "name_product": "New Vision",
            "text_align": "center",
            "font_size": "32",
            "type_product": "",
            "product_price": "",
            "image_product": "shopify://shop_images/16050024_30148453_1920.png",
            "image_size_produst": "440x662_crop_center",
            "link_text": "Shop Colelction",
            "link_product": "#"
          }
        }
      },
      "block_order": [
        "product"
      ]
    },
    "hero-footer": {
      "type": "mdp-weare-hero-home-ten",
      "settings": {
        "title_herotwo": "Elegant Details",
        "subtitle_herotwo": "LIMITED COLLECTION",
        "heading_margin_left_herotwo": "0",
        "heading_color_herotwo": "#343434",
        "text_color_herotwo": "#343434",
        "image_herotwo": "shopify://shop_images/1920_banner2.png",
        "background_size_herotwo": "contain",
        "background_image_herotwo": "#F9F9F9",
        "image_size_herotwo": "1920x813_crop_center",
        "boxed": true,
        "variant_herotwo": "end",
        "link_text": "/View More Details",
        "link_url": "#",
        "padding_top_herotwo": "300",
        "padding_bottom_herotwo": "300",
        "margin_top_herotwo": "65",
        "margin_bottom_herotwo": "80"
      }
    },
    "collection-grid-footer": {
      "type": "mdp-weare-collection-grid",
      "settings": {
        "title": "",
        "subtitle": "",
        "boxed": false,
        "selected_collection": "home-10-two",
        "number_of_products": 10,
        "col_per_row": 3,
        "gutter": "30",
        "images_form": "90",
        "image_size": "original",
        "slider": false,
        "show_price": true,
        "background": "",
        "padding_top": "0",
        "padding_bottom": "0",
        "margin_top": "0",
        "margin_bottom": "80"
      }
    },
    "footer-1":{
      "type": "mdp-weare-footer-1",
      "settings": {
        "show_payment_icons":true,
        "show_powered_by":true,
        "show_border":true,
        "margin_top":"0"
      },
      "blocks": {
        "about-us": {
          "type": "text",
          "settings": {
            "title": "About Us",
            "text": "<p>Share store details, promotions, or brand content with your customers.</p>"
          }
        },
        "quick-links": {
          "type": "menu",
          "settings": {
            "title": "Quick Links",
            "footer_link_list": "footer"
          }
        },
        "follow-us": {
          "type": "social_medias",
          "settings": {
            "facebook_link": "#",
            "twitter_link": "#",
            "instagram_link": "#",
            "pinterest_link": "#"
          }
        },
        "subscribe": {
          "type": "newsletter",
          "settings": {
            "title": "Subscribe to our newsletter",
            "subtitle": "A short sentence describing what someone will receive by subscribing"
          }
        }
      },
      "block_order": [
        "about-us",
        "quick-links",
        "follow-us",
        "subscribe"
      ]
    }
  },
  "order":[
    "menu-2",
    "menu-1",
    "hero",
    "collection-grid",
    "promo-full-width",
    "hero-footer",
    "collection-grid-footer",
    "footer-1"
  ]
}