{
  "name": "Home 17",
  "layout":"theme.landing",
  "sections": {
    "menu-2":{
      "type":"mdp-weare-menu-2",
      "settings":{
        "menu":"",
        "enabled_topbar": true,
        "enabled_menu": false,
        "enabled_shadow": false,
        "info_text": false,
        "social_icons": true,
        "discounts": true,
        "work_time": true,
        "country_selector": false,
        "language_selector": false,
        "bg_color": "#A8FCFF",
        "icon_color": "#343434",
        "discount_color": "#343434",
        "work_time_color": "#343434"
      },
      "blocks": {
        "facebook": {
          "type": "icons",
          "settings": {
            "icon_class": "fab fa-facebook-f",
            "social_link": "https://www.facebook.com/merkuloveteam"
          }
        },
        "instagram": {
          "type": "icons",
          "settings": {
            "icon_class": "fab fa-instagram",
            "social_link": "https://www.instagram.com/merkulove.team/"
          }
        },
        "tiktok": {
          "type": "icons",
          "settings": {
            "icon_class": "fab fa-tiktok",
            "social_link": "https://www.tiktok.com/"
          }
        },
        "whatsapp": {
          "type": "icons",
          "settings": {
            "icon_class": "fab fa-whatsapp",
            "social_link": "https://www.whatsapp.com/"
          }
        },
        "discounts-1": {
          "type": "discounts",
          "settings": {
            "discounts_text": "Up to 50% off Our Best Bits"
          }
        },
        "discounts-2": {
          "type": "discounts",
          "settings": {
            "discounts_text": "Limited Time Only"
          }
        },
        "discounts-3": {
          "type": "discounts",
          "settings": {
            "discounts_text": "Discover More",
            "discounts_link": "https://themeforest.net/user/merkulove/portfolio?direction=desc&order_by=sortable_at&view=grid"
          }
        },
        "work_time": {
          "type": "work_time",
          "settings": {
            "work_time_text": "Mon-Fri 08:00 - 18:00"
          }
        }
      },
      "block_order": [
        "facebook",
        "instagram",
        "tiktok",
        "whatsapp",
        "discounts-1",
        "discounts-2",
        "discounts-3",
        "work_time"
      ]
    },
    "menu-1":{
      "type": "mdp-weare-menu-1",
      "settings":{
        "logo_size": "150x70",
        "menu": "main-menu",
        "search": true,
        "inverted": false
      },
      "blocks": {
        "facebook": {
          "type": "mobile_icons",
          "settings": {
            "icon_class": "fab fa-facebook-f",
            "social_link": "https://www.facebook.com/merkuloveteam"
          }
        },
        "instagram": {
          "type": "mobile_icons",
          "settings": {
            "icon_class": "fab fa-instagram",
            "social_link": "https://www.instagram.com/merkulove.team/"
          }
        },
        "tiktok": {
          "type": "mobile_icons",
          "settings": {
            "icon_class": "fab fa-tiktok",
            "social_link": "https://www.tiktok.com/"
          }
        },
        "whatsapp": {
          "type": "mobile_icons",
          "settings": {
            "icon_class": "fab fa-whatsapp",
            "social_link": "https://www.whatsapp.com/"
          }
        },
        "work_time": {
          "type": "work_time",
          "settings": {
            "work_time_text": "Mon-Fri 08:00 - 18:00"
          }
        }
      },
      "block_order": [
        "facebook",
        "instagram",
        "tiktok",
        "whatsapp",
        "work_time"
      ]
    },
    "hero-top": {
      "type": "hero-top-home-17",
      "settings": {
        "title_herotwo": "Vegan Pharmacy",
        "heading_margin_left_herotwo": "90",
        "heading_color_herotwo": "#343434",
        "content_herotwo": "<p>Vestibulum erat lorem, viverra sit amet risus sit amet, convallis laoreet ligula. Pellentesque vulputate condimentum neque, a finibus ipsum dictum non. Pellentesque lacinia, sapien</p>",
        "text_color_herotwo": "#343434",
        "image_herotwo": "shopify://shop_images/aloe-vera-face-serum-in-a-bottle-and-aloe-leaf-on-2021-12-09-06-02-13-utc.jpg",
        "background_size_herotwo": "cover",
        "background_image_herotwo": "rgba(255, 255, 255, 0.7)",
        "padding_top_herotwo": "90",
        "padding_bottom_herotwo": "100",
        "margin_top_herotwo": "0",
        "margin_bottom_herotwo": "80"
      }
    },
    "collection-grid": {
      "type":"mdp-weare-collection-grid",
      "settings":{
        "title": "",
        "selected_collection": "tablets-min",
        "number_of_products": 3,
        "col_per_row": 3,
        "images_form": "40",
          "image_size": "original",
        "slider": false,
        "show_price": true,
        "margin_top": "0",
        "margin_bottom": "80"
      }
    },
    "collection-lists":   {
      "type":"mdp-weare-collection-lists",
      "settings":{
        "number_of_products": 4,
        "mdp_margin_top": "0",
        "mdp_margin_bottom": "80"
      },
      "blocks": {
        "collection-1": {
          "type": "collection",
          "settings": {
            "collection": "pharmacy"
          }
        },
        "collection-2": {
          "type": "collection",
          "settings": {
            "collection": "pills"
          }
        },
        "collection-3": {
          "type": "collection",
          "settings": {
            "collection": "blister-pills"
          }
        },
        "title": {
          "type": "title",
          "settings": {
            "title": "Medications and supplements",
            "image_collection": "shopify://shop_images/home17-col-list-big-img.jpg",
            "button_string": "Shop Pharmacy online",
            "link": "#"
          }
        }
      },
      "block_order": [
        "collection-1",
        "collection-2",
        "collection-3",
        "title"
      ]
    },
    "promo": {
      "type":"promo-home-17",
      "settings":{
        "image_text": "Unisex Backpacks",
        "paragraph_left": "<p>Vestibulum erat lorem, viverra sit amet risus sit amet, convallis <a href='#'>laoreet</a> ligula. Pellentesque vulputate condimentum neque, a finibus ipsum dictum non. <a href='#'>Pellentesque lacinia, sapien</a></p>",
        "image": "shopify://shop_images/prmo-home-17.jpg",
        "image_second": "shopify://shop_images/prmo-home-17-2.jpg",
        "image_text_right": "Trendy Sneackers",
        "paragraph_right": "<p>Vestibulum erat lorem, viverra sit amet risus sit amet, convallis <a href='#'>laoreet</a> ligula. Pellentesque vulputate condimentum neque, a finibus ipsum dictum non. <a href='#'>Pellentesque lacinia, sapien</a></p>",
        "margin_top": "0",
        "margin_bottom": "80"
      }
    },
    "hero-text": {
      "type":"mdp-weare-hero-2-1",
      "settings":{
        "title_herotwo": "Get Coupon SALE WEEK 64%",
        "heading_color_herotwo": "#343434",
        "text_color_herotwo": "#343434",
        "background_image_herotwo": "#A8FCFF",
        "content_herotwo": "<p>Duis posuere interdum eros, eu tincidunt libero tempus tempor</p>",
        "boxed": false,
        "padding_top_herotwo": "30",
        "padding_bottom_herotwo": "30",
        "margin_top_herotwo": "0",
        "margin_bottom_herotwo": "0"
      }
    },
    "icon-list": {
      "type":"mdp-weare-icon-list-2",
      "settings":{
        "col_per_row": 3,
        "gap": "30",
        "margin_top": "80",
        "margin_bottom": "80"
      },
      "blocks": {
        "list-item-1":{
          "type": "list_item",
          "settings": {
            "icon_class": "fas fa-shipping-fast",
            "content": "<p>Free Shipping. All orders of $49 or more of eligible items across any product category qualify.</p>"
          }
        },
        "list-item-2":{
          "type": "list_item",
          "settings": {
            "icon_class": "fas fa-money-check-alt",
            "content": "<p>Payment Methods. Credit Card: Visa, MasterCard, Maestro, American Express.</p>"
          }
        },
        "list-item-3":{
          "type": "list_item",
          "settings": {
            "icon_class": "fas fa-history",
            "content": "<p>Returns & Refunds. You can return any item purchased on SectionHub within 20 days of the delivery date.</p>"
          }
        }
      },
      "block_order": [
        "list-item-1",
        "list-item-2",
        "list-item-3"
      ]
    },
    "hero-footer": {
      "type": "hero-home-17",
      "settings": {
        "title_herotwo": "Up to 50% Off",
        "use_local_styles_17": false,
        "heading_color_herotwo": "#009CB8",
        "content_herotwo": "<p>Nam non velit et ipsum pulvinar imperdiet. In orci ante, molestie id mattis imperdiet, dapibus ac nisl</p>",
        "text_color_herotwo": "#343434",
        "image_herotwo": "shopify://shop_images/home17-footer-banner-pills-big.png",
        "background_size_herotwo": "cover",
        "button_string_herotwo": "Shop Now",
        "link_herotwo": "#",
        "background_image_herotwo": "",
        "image_size_herotwo": "2450x430",
        "padding_top_herotwo": "110",
        "padding_bottom_herotwo": "110",
        "margin_top_herotwo": "0",
        "margin_bottom_herotwo": "80"
      }
    },
    "new-in": {
      "type":"mdp-weare-collection-row-shop",
      "settings":{
        "selected_collection": "new-pills",
        "name_collection": "New In/",
        "button_string": "Shop Now",
        "number_of_products": 4,
        "col_per_row": 5,
        "images_form": "50",
        "indents": "0",
        "margin_top": "0",
        "margin_bottom": "65"
      }
    },
    "footer-1":{
      "type":"mdp-weare-footer-1",
      "settings":{
        "show_payment_icons":true,
        "show_powered_by":true,
        "show_border": true,
        "margin_top":"0"
      },
      "blocks": {
        "about-us": {
          "type": "text",
          "settings": {
            "title": "About Us",
            "text": "<p>Share store details, promotions, or brand content with your customers.</p>"
          }
        },
        "quick-links": {
          "type": "menu",
          "settings": {
            "title": "Quick Links",
            "footer_link_list": "footer"
          }
        },
        "follow-us": {
          "type": "social_medias",
          "settings": {
            "facebook_link": "#",
            "twitter_link": "#",
            "instagram_link": "#",
            "pinterest_link": "#"
          }
        },
        "subscribe": {
          "type": "newsletter",
          "settings": {
            "title": "Subscribe to our newsletter",
            "subtitle": "A short sentence describing what someone will receive by subscribing"
          }
        }
      },
      "block_order": [
        "about-us",
        "quick-links",
        "follow-us",
        "subscribe"
      ]
    }
  },
  "order":[
    "menu-2",
    "menu-1",
    "hero-top",
    "collection-grid",
    "promo",
    "collection-lists",
    "hero-text",
    "icon-list",
    "hero-footer",
    "new-in",
    "footer-1"
  ]
}