{
  "name": "faq",
  "layout": "faq",
  "sections": {
    "menu-2":{
      "type":"mdp-weare-menu-2",
      "settings":{
        "menu":"",
        "enabled_topbar": true,
        "enabled_menu": false,
        "enabled_shadow": false,
        "info_text": false,
        "social_icons": true,
        "discounts": true,
        "work_time": true,
        "country_selector": false,
        "language_selector": false,
        "bg_color": "#FFE8E8",
        "icon_color": "#343434",
        "discount_color": "#E9384F",
        "work_time_color": "#343434"
      },
      "blocks": {
        "facebook": {
          "type": "icons",
          "settings": {
            "icon_class": "fab fa-facebook-f",
            "social_link": "https://www.facebook.com/merkuloveteam"
          }
        },
        "instagram": {
          "type": "icons",
          "settings": {
            "icon_class": "fab fa-instagram",
            "social_link": "https://www.instagram.com/merkulove.team/"
          }
        },
        "tiktok": {
          "type": "icons",
          "settings": {
            "icon_class": "fab fa-tiktok",
            "social_link": "https://www.tiktok.com/"
          }
        },
        "whatsapp": {
          "type": "icons",
          "settings": {
            "icon_class": "fab fa-whatsapp",
            "social_link": "https://www.whatsapp.com/"
          }
        },
        "discounts-1": {
          "type": "discounts",
          "settings": {
            "discounts_text": "Up to 50% off Our Best Bits"
          }
        },
        "discounts-2": {
          "type": "discounts",
          "settings": {
            "discounts_text": "Limited Time Only"
          }
        },
        "discounts-3": {
          "type": "discounts",
          "settings": {
            "discounts_text": "Discover More",
            "discounts_link": "https://themeforest.net/user/merkulove/portfolio?direction=desc&order_by=sortable_at&view=grid"
          }
        },
        "work_time": {
          "type": "work_time",
          "settings": {
            "work_time_text": "Mon-Fri 08:00 - 18:00"
          }
        }
      },
      "block_order": [
        "facebook",
        "instagram",
        "tiktok",
        "whatsapp",
        "discounts-1",
        "discounts-2",
        "discounts-3",
        "work_time"
      ]
    },
    "menu-1":{
      "type": "mdp-weare-menu-1",
      "settings":{
        "logo_size": "150x70",
        "menu": "main-menu",
        "search": true,
        "inverted": false
      },
      "blocks": {
        "facebook": {
          "type": "mobile_icons",
          "settings": {
            "icon_class": "fab fa-facebook-f",
            "social_link": "https://www.facebook.com/merkuloveteam"
          }
        },
        "instagram": {
          "type": "mobile_icons",
          "settings": {
            "icon_class": "fab fa-instagram",
            "social_link": "https://www.instagram.com/merkulove.team/"
          }
        },
        "tiktok": {
          "type": "mobile_icons",
          "settings": {
            "icon_class": "fab fa-tiktok",
            "social_link": "https://www.tiktok.com/"
          }
        },
        "whatsapp": {
          "type": "mobile_icons",
          "settings": {
            "icon_class": "fab fa-whatsapp",
            "social_link": "https://www.whatsapp.com/"
          }
        },
        "work_time": {
          "type": "work_time",
          "settings": {
            "work_time_text": "Mon-Fri 08:00 - 18:00"
          }
        }
      },
      "block_order": [
        "facebook",
        "instagram",
        "tiktok",
        "whatsapp",
        "work_time"
      ]
    },
    "hero-top": {
      "type": "mdp-weare-hero-faq-1",
      "settings": {
        "title_herotwo": "Frequently Asked Questions",
        "subtitle_herotwo": "Customer Care",
        "head_margin_left_hero": "50",
        "heading_color_herotwo_faq": "#343434",
        "image_herotwo": "shopify://shop_images/fqimmg.jpg",
        "background_size_herotwo": "cover",
        "background_image_herotwo": "",
        "content_herotwo": "",
        "image_size_herotwo": "2000x500_crop_center",
        "boxed": true,
        "inverted_herotwo": false,
        "backed_herotwo": false,
        "subscribe_herotwo": false,
        "variant_herotwo": "left_text",
        "padding_top_herotwo": "0",
        "padding_bottom_herotwo": "0",
        "margin_top_herotwo": "0",
        "margin_bottom_herotwo": "80"
      }
    },
    "accordion": {
      "type": "mdp-weare-accordion-1-hub-7534",
      "settings": {
        "margin_top": "0",
        "margin_bottom": "0"
      },
      "blocks": {
        "item-1": {
          "type": "text_item",
          "settings": {
            "title": "What about the delivery of my purchase?",
            "content": "<p>Mauris elementum felis et libero aliquet, varius porta diam sollicitudin. Sed ornare sit amet urna vitae vestibulum. In non nisi tristique, scelerisque lorem eu, vulputate mi. Nulla neque quam, tincidunt blandit nisl non, tempor varius mauris. Quisque auctor consectetur arcu quis pellentesque. Vivamus nec eleifend justo. Nulla rhoncus aliquet ultrices. Nam tristique justo pharetra nulla rhoncus malesuada. Nulla efficitur vestibulum nibh, sit amet congue nisl egestas non. Donec quis mauris convallis, condimentum orci eget, interdum tortor. Nulla facilisi. Lorem ipsum dolor sit amet, consectetur adipiscing elit. In tincidunt lectus ac neque dapibus, in lobortis ex egestas. Sed semper a massa at aliquet.Lorem ipsum dolor sit amet, consectetur adipiscing elit. Integer non condimentum lorem. Integer varius tellus nec ultricies fringilla. Curabitur mattis mauris a lectus lacinia mollis. Nunc arcu urna, mollis vel pharetra ut, vulputate vel tortor. Nullam sed arcu viverra, accumsan neque quis, placerat leo. Sed lacinia aliquet maximus. Phasellus augue dui, congue eu arcu vitae, varius cursus mi. Vestibulum vehicula feugiat molestie.</p>"
          }
        },
        "item-2": {
          "type": "text_item",
          "settings": {
            "title": "Do you offer price adjustments on sale items?",
            "content": "<p>Mauris elementum felis et libero aliquet, varius porta diam sollicitudin. Sed ornare sit amet urna vitae vestibulum. In non nisi tristique, scelerisque lorem eu, vulputate mi. Nulla neque quam, tincidunt blandit nisl non, tempor varius mauris.</p>"
          }
        },
        "item-3": {
          "type": "text_item",
          "settings": {
            "title": "Where can I find information on sustainability and environmental policy?",
            "content": "<p>Ut enim ad minim veniam, quis nostrud exercitation ullamco laboris nisi ut aliquip ex ea commodo consequat. Excepteur sint occaecat cupidatat non proident, sunt in culpa qui officia deserunt mollit anim id est laborum. Excepteur sint occaecat cupidatat non proident, sunt in culpa qui officia deserunt mollit anim id est laborum.</p>"
          }
        },
        "item-4": {
          "type": "text_item",
          "settings": {
            "title": "What size should I buy?",
            "content": "<p>Ut enim ad minim veniam, quis nostrud exercitation ullamco laboris nisi ut aliquip ex ea commodo consequat. Excepteur sint occaecat cupidatat non proident, sunt in culpa qui officia deserunt mollit anim id est laborum.Excepteur sint occaecat cupidatat non proident, sunt in culpa qui officia deserunt mollit anim id est laborum.</p>"
          }
        },
        "item-5": {
          "type": "text_item",
          "settings": {
            "title": "How do I reset my password?",
            "content": "<p>Ut enim ad minim veniam, quis nostrud exercitation ullamco laboris nisi ut aliquip ex ea commodo consequat. Excepteur sint occaecat cupidatat non proident, sunt in culpa qui officia deserunt mollit anim id est laborum. Excepteur sint occaecat cupidatat non proident, sunt in culpa qui officia deserunt mollit anim id est laborum.</p>"
          }
        },
        "item-6": {
          "type": "text_item",
          "settings": {
            "title": "What packaging options can I choose from?",
            "content": "<p>Ut enim ad minim veniam, quis nostrud exercitation ullamco laboris nisi ut aliquip ex ea commodo consequat. Excepteur sint occaecat cupidatat non proident, sunt in culpa qui officia deserunt mollit anim id est laborum. Excepteur sint occaecat cupidatat non proident, sunt in culpa qui officia deserunt mollit anim id est laborum.</p>"
          }
        },
        "item-7": {
          "type": "text_item",
          "settings": {
            "title": "How do I contact your PR or Buying Team?",
            "content": "<p>Ut enim ad minim veniam, quis nostrud exercitation ullamco laboris nisi ut aliquip ex ea commodo consequat. Excepteur sint occaecat cupidatat non proident, sunt in culpa qui officia deserunt mollit anim id est laborum. Excepteur sint occaecat cupidatat non proident, sunt in culpa qui officia deserunt mollit anim id est laborum.</p>"
          }
        },
        "item-8": {
          "type": "text_item",
          "settings": {
            "title": "Can I amend or cancel an item from my order?",
            "content": "<p>Ut enim ad minim veniam, quis nostrud exercitation ullamco laboris nisi ut aliquip ex ea commodo consequat. Excepteur sint occaecat cupidatat non proident, sunt in culpa qui officia deserunt mollit anim id est laborum. Excepteur sint occaecat cupidatat non proident, sunt in culpa qui officia deserunt mollit anim id est laborum.</p>"
          }
        },
        "item-9": {
          "type": "text_item",
          "settings": {
            "title": "Do I need an account to place an order?",
            "content": "<p>Ut enim ad minim veniam, quis nostrud exercitation ullamco laboris nisi ut aliquip ex ea commodo consequat. Excepteur sint occaecat cupidatat non proident, sunt in culpa qui officia deserunt mollit anim id est laborum. Excepteur sint occaecat cupidatat non proident, sunt in culpa qui officia deserunt mollit anim id est laborum.</p>"
          }
        },
        "item-10": {
          "type": "text_item",
          "settings": {
            "title": "What personal data do we collect from you and how?",
            "content": "<p>Ut enim ad minim veniam, quis nostrud exercitation ullamco laboris nisi ut aliquip ex ea commodo consequat. Excepteur sint occaecat cupidatat non proident, sunt in culpa qui officia deserunt mollit anim id est laborum. Excepteur sint occaecat cupidatat non proident, sunt in culpa qui officia deserunt mollit anim id est laborum.</p>"
          }
        }
      },
      "block_order": [
        "item-1",
        "item-2",
        "item-3",
        "item-4",
        "item-5",
        "item-6",
        "item-7",
        "item-8",
        "item-9",
        "item-10"
      ]
    },
    "help": {
      "type": "mdp-weare-need-help-faq",
      "settings": {
        "title": "Need help? <br> ..",
        "subtitle": "",
        "topcontent": "<p>We’re ready to help you 24/7  and ask any of your question</p>",
        "content": "<p>For <strong>PRESS & ADVERTISING</strong>, please contact <a href='mailto:infopress@weare.com'>infopress@weare.com</a></p>",
        "image_size": "600x600_crop_center",
        "bg_color": "",
        "variant": "left_text",
        "padding_top": "",
        "padding_bottom": "",
        "margin_top": "",
        "margin_bottom": ""
      },
      "blocks": {
        "list-1": {
          "type": "list",
          "settings": {
            "icon_class": "",
            "text": "<span>For <strong>CUSTOMERS</strong>, please contact</span>"
          }
        },
        "list-2": {
          "type": "list_link",
          "settings": {
            "icon_class_link": "fas fa-envelope",
            "text_link": "help@weare.com",
            "link_url": "mailto:help@weare.com"
          }
        },
        "list-3": {
          "type": "list_link",
          "settings": {
            "icon_class_link": "fas fa-phone-volume",
            "text_link": "+1-202-303-404",
            "link_url": "tel:+1-202-303-404"
          }
        },
        "list-4": {
          "type": "list",
          "settings": {
            "icon_class": "fas fa-comment-dots",
            "text": "502-101-202"
          }
        }
      },
      "block_order": [
        "list-1",
        "list-2",
        "list-3",
        "list-4"
      ]
    },
    "icon-list": {
      "type": "mdp-weare-icon-list-faq-1",
      "settings": {
        "col_per_row": 3,
        "gap": "15",
        "margin_top": "30",
        "margin_bottom": "0"
      },
      "blocks": {
        "collection-1": {
          "type": "list_collection",
          "settings": {
            "collection": "female"
          }
        },
        "collection-2": {
          "type": "list_collection",
          "settings": {
            "collection": "shoes"
          }
        },
        "collection-3": {
          "type": "list_collection",
          "settings": {
            "collection": "male"
          }
        },
        "collection-4": {
          "type": "list_collection",
          "settings": {
            "collection": "accessories"
          }
        },
        "collection-5": {
          "type": "list_collection",
          "settings": {
            "collection": "handbags"
          }
        }
      },
      "block_order": [
        "collection-1",
        "collection-2",
        "collection-3",
        "collection-4",
        "collection-5"
      ]
    },
    "hero-footer": {
      "type": "mdp-weare-hero-faq-2",
      "settings": {
        "title_herotwo": "Get Coupon SALE WEEK 64%",
        "subtitle_herotwo": "",
        "heading_margin_left_herotwo": "0",
        "heading_color_herotwo_faq2": "#343434",
        "image_herotwo": "",
        "background_size_herotwo": "auto",
        "background_image_herotwo": "#FFE8E8",
        "content_herotwo": "<p>Duis posuere interdum eros, eu tincidunt libero tempus tempor</p>",
        "inverted_herotwo": false,
        "backed_herotwo": false,
        "subscribe_herotwo": false,
        "variant_herotwo": "center_text",
        "padding_top_herotwo": "30",
        "padding_bottom_herotwo": "30",
        "mdp_margin_top_herotwo": "80",
        "mdp_margin_bottom_herotwo": "0"
      }
    },
    "icon-list-footer": {
      "type": "mdp-weare-icon-list-faq-2",
      "settings": {
        "col_per_row": 3,
        "gap": "30",
        "mdp_margin_top": "80",
        "mdp_margin_bottom": "80"
      },
      "blocks": {
        "list-1": {
          "type": "list_item",
          "settings": {
            "icon_class": "fas fa-shipping-fast",
            "content": "<p><a href='#'>Free Shipping</a>. All orders of $49 or more of eligible items across any product category qualify.</p>"
          }
        },
        "list-2": {
          "type": "list_item",
          "settings": {
            "icon_class": "fas fa-money-check-alt",
            "content": "<p><a href='#'>Payment Methods</a>. Credit Card: Visa, MasterCard, Maestro, American Express.</p>"
          }
        },
        "list-3": {
          "type": "list_item",
          "settings": {
            "icon_class": "fas fa-history",
            "content": "<p><a href='#'>Returns & Refunds</a>. You can return any item purchased on SectionHub within 20 days of the delivery date.</p>"
          }
        }
      },
      "block_order": [
        "list-1",
        "list-2",
        "list-3"
      ]
    },
    "footer-1":{
      "type": "mdp-weare-footer-1",
      "settings": {
        "show_payment_icons":true,
        "show_powered_by":true,
        "show_border":true,
        "margin_top":"0"
      },
      "blocks": {
        "about-us": {
          "type": "text",
          "settings": {
            "title": "About Us",
            "text": "<p>Share store details, promotions, or brand content with your customers.</p>"
          }
        },
        "quick-links": {
          "type": "menu",
          "settings": {
            "title": "Quick Links",
            "footer_link_list": "footer"
          }
        },
        "follow-us": {
          "type": "social_medias",
          "settings": {
            "facebook_link": "#",
            "twitter_link": "#",
            "instagram_link": "#",
            "pinterest_link": "#"
          }
        },
        "subscribe": {
          "type": "newsletter",
          "settings": {
            "title": "Subscribe to our newsletter",
            "subtitle": "A short sentence describing what someone will receive by subscribing"
          }
        }
      },
      "block_order": [
        "about-us",
        "quick-links",
        "follow-us",
        "subscribe"
      ]
    }
  },
  "order":[
    "menu-2",
    "menu-1",
    "hero-top",
    "accordion",
    "help",
    "icon-list",
    "hero-footer",
    "icon-list-footer",
    "footer-1"
  ]
}