{
  "name": "Default home 11 template",
  "layout":"theme.landing",
  "sections": {
    "menu-2":{
      "type":"mdp-weare-menu-2",
      "settings":{
        "menu":"",
        "enabled_topbar": true,
        "enabled_menu": false,
        "enabled_shadow": false,
        "info_text": false,
        "social_icons": true,
        "discounts": true,
        "work_time": true,
        "country_selector": false,
        "language_selector": false,
        "bg_color": "#F2F2F2",
        "icon_color": "#343434",
        "discount_color": "#343434",
        "work_time_color": "#343434"
      },
      "blocks": {
        "facebook": {
          "type": "icons",
          "settings": {
            "icon_class": "fab fa-facebook-f",
            "social_link": "https://www.facebook.com/merkuloveteam"
          }
        },
        "instagram": {
          "type": "icons",
          "settings": {
            "icon_class": "fab fa-instagram",
            "social_link": "https://www.instagram.com/merkulove.team/"
          }
        },
        "tiktok": {
          "type": "icons",
          "settings": {
            "icon_class": "fab fa-tiktok",
            "social_link": "https://www.tiktok.com/"
          }
        },
        "whatsapp": {
          "type": "icons",
          "settings": {
            "icon_class": "fab fa-whatsapp",
            "social_link": "https://www.whatsapp.com/"
          }
        },
        "discounts-1": {
          "type": "discounts",
          "settings": {
            "discounts_text": "Up to 50% off Our Best Bits"
          }
        },
        "discounts-2": {
          "type": "discounts",
          "settings": {
            "discounts_text": "Limited Time Only"
          }
        },
        "discounts-3": {
          "type": "discounts",
          "settings": {
            "discounts_text": "Discover More",
            "discounts_link": "https://themeforest.net/user/merkulove/portfolio?direction=desc&order_by=sortable_at&view=grid"
          }
        },
        "work_time": {
          "type": "work_time",
          "settings": {
            "work_time_text": "Mon-Fri 08:00 - 18:00"
          }
        }
      },
      "block_order": [
        "facebook",
        "instagram",
        "tiktok",
        "whatsapp",
        "discounts-1",
        "discounts-2",
        "discounts-3",
        "work_time"
      ]
    },
    "menu-1":{
      "type": "mdp-weare-menu-1",
      "settings":{
        "logo_size": "150x70",
        "menu": "main-menu",
        "search": true,
        "inverted": false
      },
      "blocks": {
        "facebook": {
          "type": "mobile_icons",
          "settings": {
            "icon_class": "fab fa-facebook-f",
            "social_link": "https://www.facebook.com/merkuloveteam"
          }
        },
        "instagram": {
          "type": "mobile_icons",
          "settings": {
            "icon_class": "fab fa-instagram",
            "social_link": "https://www.instagram.com/merkulove.team/"
          }
        },
        "tiktok": {
          "type": "mobile_icons",
          "settings": {
            "icon_class": "fab fa-tiktok",
            "social_link": "https://www.tiktok.com/"
          }
        },
        "whatsapp": {
          "type": "mobile_icons",
          "settings": {
            "icon_class": "fab fa-whatsapp",
            "social_link": "https://www.whatsapp.com/"
          }
        },
        "work_time": {
          "type": "work_time",
          "settings": {
            "work_time_text": "Mon-Fri 08:00 - 18:00"
          }
        }
      },
      "block_order": [
        "facebook",
        "instagram",
        "tiktok",
        "whatsapp",
        "work_time"
      ]
    },
    "slideshow-top": {
      "type": "slideshow-top-home-11",
      "settings":{
        "margin_top": "0",
        "margin_bottom": "80"
      },
      "blocks": {
        "slide-1": {
          "type": "slide",
          "settings": {
            "image": "shopify://shop_images/slide1_1.png",
            "image_two": "shopify://shop_images/slide1_2.png",
            "title": "This season’s must-carry handbags designs",
            "button_string": "/View More Details",
            "link": "#"
          }
        },
        "slide-2": {
          "type": "slide",
          "settings": {
            "image": "shopify://shop_images/slide2_1.png",
            "image_two": "shopify://shop_images/slide2_2.png",
            "title": "This season’s must-carry handbags designs",
            "button_string": "/View More Details",
            "link": "#"
          }
        },
        "slide-3": {
          "type": "slide",
          "settings": {
            "image": "shopify://shop_images/slide3_1.png",
            "image_two": "shopify://shop_images/slide3_2.png",
            "title": "This season’s must-carry handbags designs",
            "button_string": "/View More Details",
            "link": "#"
          }
        }
      },
      "block_order": [
        "slide-1",
        "slide-2",
        "slide-3"
      ]
    },
    "collection-grid": {
      "type":"mdp-weare-collection-grid",
      "settings":{
        "title": "",
        "boxed": true,
        "selected_collection": "home-11",
        "number_of_products": 8,
        "col_per_row": 4,
        "images_form": "40",
        "image_size": "original",
        "slider": false,
        "show_price": true,
        "margin_bottom": "65"
      }
    },
    "hero-image": {
      "type":"mdp-weare-hero-home-11",
      "settings":{
        "title_herotwo": "A head-to-toe <br> statement look",
        "image_herotwo": "shopify://shop_images/bg-hero-11.png",
        "background_size_herotwo": "cover",
        "background_image_herotwo": "",
        "button_string_herotwo": "Discover more",
        "link_herotwo": "#",
        "padding_top_herotwo": "137",
        "padding_bottom_herotwo": "137",
        "margin_top_herotwo": "0",
        "margin_bottom_herotwo": "80"
      }
    },
    "slideshow": {
      "type":"slideshow-home-11",
      "settings":{
        "boxed": true,
        "height": "650",
        "margin_top": "0",
        "margin_bottom": "0"
      },
      "blocks": {
        "slide-1": {
          "type": "slide",
          "settings":{
            "image": "shopify://shop_images/slideshow-home-11-box-1.jpg",
            "subtitle": "Limited Edition",
            "title": "Approach your bag as if <br> you were an artist",
            "content": "<p>Morbi in nisl ac eros dictum sollicitudin at ac eros. Pellentesque a efficitur odio, et condimentum turpis. Vestibulum egestas porttitor luctus. Class aptent taciti sociosqu ad litora torquent per conubia nostra, per inceptos himenaeos. Ut elementum sollicitudin lorem, vel interdum nisl dignissim eget. Curabitur ligula ante</p>",
            "mini_img_product_1": "shopify://shop_images/slideshow-home-11-box-2.jpg",
            "mini_img_product_2": "shopify://shop_images/17889256_37881970_1920.png",
            "mini_img_product_3": "shopify://shop_images/slideshow-home-11-box-4.jpg"
          }
        }
      },
      "block_order": [
        "slide-1"
      ]
    },
    "logos": {
      "type":"mdp-weare-logos-1",
      "settings":{
        "image_size": "200x90",
        "margin_top": "60",
        "margin_bottom": "60"
      },
      "blocks": {
        "logo-1": {
          "type": "logo",
          "settings": {
            "image": "shopify://shop_images/logo4.png"
          }
        },
        "logo-2": {
          "type": "logo",
          "settings": {
            "image": "shopify://shop_images/logo2.png"
          }
        },
        "logo-3": {
          "type": "logo",
          "settings": {
            "image": "shopify://shop_images/logo3.png"
          }
        },
        "logo-4": {
          "type": "logo",
          "settings": {
            "image": "shopify://shop_images/logo5.png"
          }
        }
      },
      "block_order": [
        "logo-1",
        "logo-2",
        "logo-3",
        "logo-4"
      ]
    },
    "video": {
      "type": "mdp-weare-video-home-5",
      "settings":{
        "image": "shopify://shop_images/video-home-11.png",
        "margin_top": "0",
        "margin_bottom": "0"
      }
    },
    "collection": {
      "type": "mdp-weare-collection-row",
      "settings":{
        "selected_collection": "styles-by-br-you-1",
        "name_collection": "Styles by <br> you/",
        "button_string": "Shop Now",
        "number_of_products": 4,
        "col_per_row": 5,
        "images_form": "50",
        "margin_top": "80",
        "margin_bottom": "65"
      }
    },
    "footer-1":{
      "type":"mdp-weare-footer-1",
      "settings":{
        "show_payment_icons":true,
        "show_powered_by":true,
        "show_border":true,
        "margin_top":"0"
      },
      "blocks": {
        "about-us": {
          "type": "text",
          "settings": {
            "title": "About Us",
            "phone": "123-456-7890",
            "text": "<p>Share store details, promotions, or brand content with your customers.</p>"
          }
        },
        "quick-links": {
          "type": "menu",
          "settings": {
            "title": "Quick Links",
            "footer_link_list": "footer"
          }
        },
        "follow-us": {
          "type": "social_medias",
          "settings": {
            "facebook_link": "#",
            "twitter_link": "#",
            "instagram_link": "#",
            "pinterest_link": "#"
          }
        },
        "subscribe": {
          "type": "newsletter",
          "settings": {
            "title": "Subscribe to our newsletter",
            "subtitle": "A short sentence describing what someone will receive by subscribing"
          }
        }
      },
      "block_order": [
        "about-us",
        "quick-links",
        "follow-us",
        "subscribe"
      ]
    }
  },
  "order":[
    "menu-2",
    "menu-1",
    "slideshow-top",
    "collection-grid",
    "hero-image",
    "slideshow",
    "logos",
    "video",
    "collection",
    "footer-1"
  ]
}