{
  "name": "Home 19",
  "layout":"theme.landing",
  "sections": {
    "menu-2":{
      "type":"mdp-weare-menu-2",
      "settings":{
        "menu":"",
        "enabled_topbar": true,
        "enabled_menu": false,
        "enabled_shadow": false,
        "info_text": false,
        "social_icons": true,
        "discounts": true,
        "work_time": true,
        "country_selector": false,
        "language_selector": false,
        "bg_color": "#F7F7F7",
        "icon_color": "#343434",
        "discount_color": "#343434",
        "work_time_color": "#343434"
      },
      "blocks": {
        "facebook": {
          "type": "icons",
          "settings": {
            "icon_class": "fab fa-facebook-f",
            "social_link": "https://www.facebook.com/merkuloveteam"
          }
        },
        "instagram": {
          "type": "icons",
          "settings": {
            "icon_class": "fab fa-instagram",
            "social_link": "https://www.instagram.com/merkulove.team/"
          }
        },
        "tiktok": {
          "type": "icons",
          "settings": {
            "icon_class": "fab fa-tiktok",
            "social_link": "https://www.tiktok.com/"
          }
        },
        "whatsapp": {
          "type": "icons",
          "settings": {
            "icon_class": "fab fa-whatsapp",
            "social_link": "https://www.whatsapp.com/"
          }
        },
        "discounts-1": {
          "type": "discounts",
          "settings": {
            "discounts_text": "Up to 50% off Our Best Bits"
          }
        },
        "discounts-2": {
          "type": "discounts",
          "settings": {
            "discounts_text": "Limited Time Only"
          }
        },
        "discounts-3": {
          "type": "discounts",
          "settings": {
            "discounts_text": "Discover More",
            "discounts_link": "https://themeforest.net/user/merkulove/portfolio?direction=desc&order_by=sortable_at&view=grid"
          }
        },
        "work_time": {
          "type": "work_time",
          "settings": {
            "work_time_text": "Mon-Fri 08:00 - 18:00"
          }
        }
      },
      "block_order": [
        "facebook",
        "instagram",
        "tiktok",
        "whatsapp",
        "discounts-1",
        "discounts-2",
        "discounts-3",
        "work_time"
      ]
    },
    "menu-1":{
      "type": "mdp-weare-menu-1",
      "settings":{
        "logo_size": "150x70",
        "menu": "main-menu",
        "search": true,
        "inverted": false
      },
      "blocks": {
        "facebook": {
          "type": "mobile_icons",
          "settings": {
            "icon_class": "fab fa-facebook-f",
            "social_link": "https://www.facebook.com/merkuloveteam"
          }
        },
        "instagram": {
          "type": "mobile_icons",
          "settings": {
            "icon_class": "fab fa-instagram",
            "social_link": "https://www.instagram.com/merkulove.team/"
          }
        },
        "tiktok": {
          "type": "mobile_icons",
          "settings": {
            "icon_class": "fab fa-tiktok",
            "social_link": "https://www.tiktok.com/"
          }
        },
        "whatsapp": {
          "type": "mobile_icons",
          "settings": {
            "icon_class": "fab fa-whatsapp",
            "social_link": "https://www.whatsapp.com/"
          }
        },
        "work_time": {
          "type": "work_time",
          "settings": {
            "work_time_text": "Mon-Fri 08:00 - 18:00"
          }
        }
      },
      "block_order": [
        "facebook",
        "instagram",
        "tiktok",
        "whatsapp",
        "work_time"
      ]
    },
    "collection-campaign" : {
      "type":"mdp-weare-collection-campaign",
      "settings": {
        "selected_collection": "new-collection-of-chairs",
        "image_size": "640x813_crop_center"
      }
    },
    "collection-grid": {
      "type":"mdp-weare-collection-grid-home-13",
      "settings": {
        "title": "",
        "boxed": false,
        "selected_collection": "chairs",
        "number_of_products": 12,
        "col_per_row": 4,
        "gutter": "30",
        "image_size": "410x650_crop_center",
        "slider": false,
        "show_price": true,
        "background": "#F7F7F7",
        "padding_top": "80",
        "padding_bottom": "65"
      }
    },
    "call-to-action": {
      "type":"mdp-weare-call-to-action-1",
      "settings":{
        "title": "Satin Loungewear",
        "image": "shopify://shop_images/big-banner_interiro-home19.png",
        "bg_color_boxtext": "rgba(249, 245, 242, 0.9)",
        "content": "<p>Take 20% Off/ Sale Must-Haves</p>",
        "font_size_heading": 48,
        "line_height_heading": 50,
        "parallax": true,
        "padding_top": "155",
        "padding_bottom": "155",
        "margin_bottom": "80"
      }
    },
    "logos": {
      "type":"mdp-weare-logos-1",
      "settings":{
        "boxed": false,
        "image_size": "250x90",
        "margin_top": "0",
        "margin_bottom": "80"
      },
      "blocks": {
        "logo-6": {
          "type": "logo",
          "settings": {
            "image": "shopify://shop_images/logo6.png"
          }
        },
        "logo-1": {
          "type": "logo",
          "settings": {
            "image": "shopify://shop_images/logo4.png"
          }
        },
        "logo-2": {
          "type": "logo",
          "settings": {
            "image": "shopify://shop_images/logo2.png"
          }
        },
        "logo-3": {
          "type": "logo",
          "settings": {
            "image": "shopify://shop_images/logo3.png"
          }
        },
        "logo-4": {
          "type": "logo",
          "settings": {
            "image": "shopify://shop_images/logo5.png"
          }
        },
        "logo-5": {
          "type": "logo",
          "settings": {
            "image": "shopify://shop_images/logo1.png"
          }
        }
      },
      "block_order": [
        "logo-6",
        "logo-1",
        "logo-2",
        "logo-3",
        "logo-4",
        "logo-5"
      ]
    },
    "hero-text": {
      "type":"mdp-weare-hero-2-1",
      "settings":{
        "title_herotwo": "Get Coupon SALE WEEK 64%",
        "heading_color_herotwo": "#343434",
        "text_color_herotwo": "#343434",
        "background_image_herotwo": "#F7F7F7",
        "content_herotwo": "<p>Duis posuere interdum eros, eu tincidunt libero tempus tempor</p>",
        "boxed": false,
        "padding_top_herotwo": "30",
        "padding_bottom_herotwo": "30",
        "margin_top_herotwo": "0",
        "margin_bottom_herotwo": "0"
      }
    },
    "icon-list": {
      "type":"mdp-weare-icon-list-2",
      "settings":{
        "col_per_row": 3,
        "gap": "30",
        "margin_top": "80",
        "margin_bottom": "80"
      },
      "blocks": {
        "list-item-1":{
          "type": "list_item",
          "settings": {
            "icon_class": "fas fa-shipping-fast",
            "content": "<p>Free Shipping. All orders of $49 or more of eligible items across any product category qualify.</p>"
          }
        },
        "list-item-2":{
          "type": "list_item",
          "settings": {
            "icon_class": "fas fa-money-check-alt",
            "content": "<p>Payment Methods. Credit Card: Visa, MasterCard, Maestro, American Express.</p>"
          }
        },
        "list-item-3":{
          "type": "list_item",
          "settings": {
            "icon_class": "fas fa-history",
            "content": "<p>Returns & Refunds. You can return any item purchased on SectionHub within 20 days of the delivery date.</p>"
          }
        }
      },
      "block_order": [
        "list-item-1",
        "list-item-2",
        "list-item-3"
      ]
    },
    "footer-1":{
      "type":"mdp-weare-footer-1",
      "settings":{
        "show_payment_icons":true,
        "show_powered_by":true,
        "show_border":true,
        "margin_top":"0"
      },
      "blocks": {
        "about-us": {
          "type": "text",
          "settings": {
            "title": "About Us",
            "text": "<p>Share store details, promotions, or brand content with your customers.</p>"
          }
        },
        "quick-links": {
          "type": "menu",
          "settings": {
            "title": "Quick Links",
            "footer_link_list": "footer"
          }
        },
        "follow-us": {
          "type": "social_medias",
          "settings": {
            "facebook_link": "#",
            "twitter_link": "#",
            "instagram_link": "#",
            "pinterest_link": "#"
          }
        },
        "subscribe": {
          "type": "newsletter",
          "settings": {
            "title": "Subscribe to our newsletter",
            "subtitle": "A short sentence describing what someone will receive by subscribing"
          }
        }
      },
      "block_order": [
        "about-us",
        "quick-links",
        "follow-us",
        "subscribe"
      ]
    }
  },
  "order":[
    "menu-2",
    "menu-1",
    "collection-campaign",
    "collection-grid",
    "call-to-action",
    "logos",
    "hero-text",
    "icon-list",
    "footer-1"
  ]
}