{
  "name": "Home 9",
  "layout":"theme.landing",
  "sections": {
    "menu-2":{
      "type":"mdp-weare-menu-2",
      "settings":{
        "menu":"",
        "enabled_topbar": true,
        "enabled_menu": false,
        "enabled_shadow": false,
        "info_text": false,
        "social_icons": true,
        "discounts": true,
        "work_time": true,
        "country_selector": false,
        "language_selector": false,
        "bg_color": "#F9F5F2",
        "icon_color": "#343434",
        "discount_color": "#343434",
        "work_time_color": "#343434"
      },
      "blocks": {
        "facebook": {
          "type": "icons",
          "settings": {
            "icon_class": "fab fa-facebook-f",
            "social_link": "https://www.facebook.com/merkuloveteam"
          }
        },
        "instagram": {
          "type": "icons",
          "settings": {
            "icon_class": "fab fa-instagram",
            "social_link": "https://www.instagram.com/merkulove.team/"
          }
        },
        "tiktok": {
          "type": "icons",
          "settings": {
            "icon_class": "fab fa-tiktok",
            "social_link": "https://www.tiktok.com/"
          }
        },
        "whatsapp": {
          "type": "icons",
          "settings": {
            "icon_class": "fab fa-whatsapp",
            "social_link": "https://www.whatsapp.com/"
          }
        },
        "discounts-1": {
          "type": "discounts",
          "settings": {
            "discounts_text": "Up to 50% off Our Best Bits"
          }
        },
        "discounts-2": {
          "type": "discounts",
          "settings": {
            "discounts_text": "Limited Time Only"
          }
        },
        "discounts-3": {
          "type": "discounts",
          "settings": {
            "discounts_text": "Discover More",
            "discounts_link": "https://themeforest.net/user/merkulove/portfolio?direction=desc&order_by=sortable_at&view=grid"
          }
        },
        "work_time": {
          "type": "work_time",
          "settings": {
            "work_time_text": "Mon-Fri 08:00 - 18:00"
          }
        }
      },
      "block_order": [
        "facebook",
        "instagram",
        "tiktok",
        "whatsapp",
        "discounts-1",
        "discounts-2",
        "discounts-3",
        "work_time"
      ]
    },
    "menu-1":{
      "type": "mdp-weare-menu-1",
      "settings":{
        "logo_size": "150x70",
        "menu": "main-menu",
        "search": true,
        "inverted": false
      },
      "blocks": {
        "facebook": {
          "type": "mobile_icons",
          "settings": {
            "icon_class": "fab fa-facebook-f",
            "social_link": "https://www.facebook.com/merkuloveteam"
          }
        },
        "instagram": {
          "type": "mobile_icons",
          "settings": {
            "icon_class": "fab fa-instagram",
            "social_link": "https://www.instagram.com/merkulove.team/"
          }
        },
        "tiktok": {
          "type": "mobile_icons",
          "settings": {
            "icon_class": "fab fa-tiktok",
            "social_link": "https://www.tiktok.com/"
          }
        },
        "whatsapp": {
          "type": "mobile_icons",
          "settings": {
            "icon_class": "fab fa-whatsapp",
            "social_link": "https://www.whatsapp.com/"
          }
        },
        "work_time": {
          "type": "work_time",
          "settings": {
            "work_time_text": "Mon-Fri 08:00 - 18:00"
          }
        }
      },
      "block_order": [
        "facebook",
        "instagram",
        "tiktok",
        "whatsapp",
        "work_time"
      ]
    },
    "collection-campaign": {
      "type": "mdp-weare-collection-campaign",
      "settings": {
        "title": "",
        "subtitle": "",
        "selected_collection": "new-collection-campaign",
        "image_size": "640x813_crop_center",
        "slider": true,
        "show_price": false,
        "show_btn_cl": false,
        "background": "",
        "padding_top": "0",
        "padding_bottom": "0",
        "margin_top": "0",
        "margin_bottom": "0"
      }
    },
    "promo-full-width": {
      "type": "mdp-weare-promo-full-width",
      "settings": {
        "title_promotwo": "",
        "subtitle_promotwo": "",
        "boxed": true,
        "image_promotwo": "shopify://shop_images/img2-promo-top-home-9.png",
        "content_promotwo": "",
        "image_size_promotwo": "872x950_crop_center",
        "bg_color_promotwo": "",
        "variant_promotwo": "left_text",
        "padding_top_promotwo": "",
        "padding_bottom_promotwo": "",
        "margin_top_promotwo": "80",
        "margin_bottom_promotwo": "80"
      },
      "blocks": {
        "product": {
          "type": "product_link",
          "settings": {
            "name_product": "Elegant Modernity",
            "text_align": "center",
            "font_size": "32",
            "type_product": "",
            "product_price": "",
            "image_product": "shopify://shop_images/img1-promo-top-home-9.jpg",
            "image_size_produst": "440x662_crop_center",
            "link_text": "Shop Colelction",
            "link_product": "#"
          }
        }
      },
      "block_order": [
        "product"
      ]
    },
    "collection-grid": {
      "type": "mdp-weare-collection-grid",
      "settings": {
        "title": "Basic Colors",
        "subtitle": "",
        "boxed": false,
        "selected_collection": "basic-colors",
        "number_of_products": 4,
        "col_per_row": 4,
        "gutter": "30",
        "image_size": "406x440_crop_center",
        "slider": false,
        "show_price": true,
        "show_btn_cl": true,
        "btn_text_collection": "Shop Collection",
        "background": "#F9F5F2",
        "padding_top": "80",
        "padding_bottom": "80",
        "margin_top": "0",
        "margin_bottom": "0"
      }
    },
    "video": {
      "type": "mdp-weare-video-home-3",
      "settings": {
        "image": "shopify://shop_images/home9-reformation-dunes-organic-cotton.png",
        "image_size": "2500x600_crop_center",
        "bg_color": "#343434",
        "text_color": "#343434",
        "margin_top": "0",
        "margin_bottom": "0"
      }
    },
    "hero": {
      "type": "mdp-weare-hero-2-1",
      "settings": {
        "title_herotwo": "Get Coupon SALE WEEK 64%",
        "subtitle_herotwo": "",
        "heading_margin_left_herotwo": "0",
        "heading_color_herotwo": "#343434",
        "text_color_herotwo": "#343434",
        "background_image_herotwo": "#F9F5F2",
        "content_herotwo": "<p>Duis posuere interdum eros, eu tincidunt libero tempus tempor</p>",
        "boxed": false,
        "variant_herotwo": "center_text",
        "padding_top_herotwo": "30",
        "padding_bottom_herotwo": "35",
        "margin_top_herotwo": "0",
        "margin_bottom_herotwo": "80"
      }
    },
    "promo-footer": {
      "type": "mdp-weare-promo-home-3",
      "settings": {
        "title_promotwo": "",
        "subtitle_promotwo": "",
        "image_promotwo": "shopify://shop_images/Image.png",
        "content_promotwo": "",
        "image_size_promotwo": "658x907_crop_center",
        "variant_promotwo": "right_text",
        "button_string_promotwo": "",
        "margin_top_promotwo": "0",
        "margin_bottom_promotwo": "80"
      },
      "blocks": {
        "promo": {
          "type": "product_link",
          "settings": {
            "name_product": "White Knited Dress",
            "text_align": "center",
            "font_size": "16",
            "type_product": "Limited Edition",
            "product_price": "640",
            "image_product": "shopify://shop_images/Product_Imageslide1.png",
            "image_size_produst": "406x440_crop_center"
          }
        }
      },
      "block_order": [
        "promo"
      ]
    },
    "footer-1":{
      "type": "mdp-weare-footer-1",
      "settings": {
        "show_payment_icons":true,
        "show_powered_by":true,
        "show_border":true,
        "margin_top":"0"
      },
      "blocks": {
        "about-us": {
          "type": "text",
          "settings": {
            "title": "About Us",
            "text": "<p>Share store details, promotions, or brand content with your customers.</p>"
          }
        },
        "quick-links": {
          "type": "menu",
          "settings": {
            "title": "Quick Links",
            "footer_link_list": "footer"
          }
        },
        "follow-us": {
          "type": "social_medias",
          "settings": {
            "facebook_link": "#",
            "twitter_link": "#",
            "instagram_link": "#",
            "pinterest_link": "#"
          }
        },
        "subscribe": {
          "type": "newsletter",
          "settings": {
            "title": "Subscribe to our newsletter",
            "subtitle": "A short sentence describing what someone will receive by subscribing"
          }
        }
      },
      "block_order": [
        "about-us",
        "quick-links",
        "follow-us",
        "subscribe"
      ]
    }
  },
  "order":[
    "menu-2",
    "menu-1",
    "collection-campaign",
    "promo-full-width",
    "collection-grid",
    "video",
    "hero",
    "promo-footer",
    "footer-1"
  ]
}