{
  "name": "Home 8",
  "layout":"theme.landing",
  "sections": {
    "menu-2":{
      "type":"mdp-weare-menu-2",
      "settings":{
        "menu":"",
        "enabled_topbar": true,
        "enabled_menu": false,
        "enabled_shadow": false,
        "info_text": false,
        "social_icons": true,
        "discounts": true,
        "work_time": true,
        "country_selector": false,
        "language_selector": false,
        "bg_color": "#F5F5F5",
        "icon_color": "#343434",
        "discount_color": "#343434",
        "work_time_color": "#343434"
      },
      "blocks": {
        "facebook": {
          "type": "icons",
          "settings": {
            "icon_class": "fab fa-facebook-f",
            "social_link": "https://www.facebook.com/merkuloveteam"
          }
        },
        "instagram": {
          "type": "icons",
          "settings": {
            "icon_class": "fab fa-instagram",
            "social_link": "https://www.instagram.com/merkulove.team/"
          }
        },
        "tiktok": {
          "type": "icons",
          "settings": {
            "icon_class": "fab fa-tiktok",
            "social_link": "https://www.tiktok.com/"
          }
        },
        "whatsapp": {
          "type": "icons",
          "settings": {
            "icon_class": "fab fa-whatsapp",
            "social_link": "https://www.whatsapp.com/"
          }
        },
        "discounts-1": {
          "type": "discounts",
          "settings": {
            "discounts_text": "Up to 50% off Our Best Bits"
          }
        },
        "discounts-2": {
          "type": "discounts",
          "settings": {
            "discounts_text": "Limited Time Only"
          }
        },
        "discounts-3": {
          "type": "discounts",
          "settings": {
            "discounts_text": "Discover More",
            "discounts_link": "https://themeforest.net/user/merkulove/portfolio?direction=desc&order_by=sortable_at&view=grid"
          }
        },
        "work_time": {
          "type": "work_time",
          "settings": {
            "work_time_text": "Mon-Fri 08:00 - 18:00"
          }
        }
      },
      "block_order": [
        "facebook",
        "instagram",
        "tiktok",
        "whatsapp",
        "discounts-1",
        "discounts-2",
        "discounts-3",
        "work_time"
      ]
    },
    "menu-1":{
      "type": "mdp-weare-menu-1",
      "settings":{
        "logo_size": "150x70",
        "menu": "main-menu",
        "search": true,
        "inverted": false
      },
      "blocks": {
        "facebook": {
          "type": "mobile_icons",
          "settings": {
            "icon_class": "fab fa-facebook-f",
            "social_link": "https://www.facebook.com/merkuloveteam"
          }
        },
        "instagram": {
          "type": "mobile_icons",
          "settings": {
            "icon_class": "fab fa-instagram",
            "social_link": "https://www.instagram.com/merkulove.team/"
          }
        },
        "tiktok": {
          "type": "mobile_icons",
          "settings": {
            "icon_class": "fab fa-tiktok",
            "social_link": "https://www.tiktok.com/"
          }
        },
        "whatsapp": {
          "type": "mobile_icons",
          "settings": {
            "icon_class": "fab fa-whatsapp",
            "social_link": "https://www.whatsapp.com/"
          }
        },
        "work_time": {
          "type": "work_time",
          "settings": {
            "work_time_text": "Mon-Fri 08:00 - 18:00"
          }
        }
      },
      "block_order": [
        "facebook",
        "instagram",
        "tiktok",
        "whatsapp",
        "work_time"
      ]
    },
    "slideshow": {
      "type": "mdp-weare-slideshow-home-8",
      "settings": {
        "boxed": false,
        "height": "980",
        "margin_top": "0",
        "margin_bottom": "0"
      },
      "blocks": {
        "slide-1": {
          "type": "slide",
          "settings": {
            "image": "shopify://shop_images/slide1.jpg",
            "title": "Essentials",
            "heading_color": "#343434",
            "content": "<p>New Lingerie</p>",
            "button_string": "/View More Details",
            "link": "#"
          }
        },
        "slide-2": {
          "type": "slide",
          "settings": {
            "image": "shopify://shop_images/slide2-home-8.jpg",
            "title": "The secrets <br>behind",
            "heading_color": "#343434",
            "content": "<p>LIMITED COLLECTION</p>",
            "button_string": "/View More Details",
            "link": "#"
          }
        },
        "slide-3": {
          "type": "slide",
          "settings": {
            "image": "shopify://shop_images/beautiful-home-8.jpg",
            "title": "Cult lace pieces",
            "heading_color": "#343434",
            "content": "<p>LIMITED COLLECTION</p>",
            "button_string": "/View More Details",
            "link": "#"
          }
        }
      },
      "block_order": [
        "slide-1",
        "slide-2",
        "slide-3"
      ]
    },
    "promo": {
      "type": "mdp-weare-promo-three-home-8",
      "settings": {
        "title_promotwo": "",
        "image_size_promotwo": "309x423_crop_center",
        "boxed": false,
        "padding_top_promotwo": "0",
        "padding_bottom_promotwo": "0",
        "margin_top_promotwo": "80",
        "margin_bottom_promotwo": "80"
      },
      "blocks": {
        "promo-1": {
          "type": "product_link",
          "settings": {
            "name_product": "Everyday Collection",
            "text_align": "left",
            "font_size": "24",
            "image_product": "shopify://shop_images/placeholder1.png",
            "link_product": "#"
          }
        },
        "promo-2": {
          "type": "product_link",
          "settings": {
            "name_product": "Lounge Wear",
            "text_align": "left",
            "font_size": "24",
            "image_product": "shopify://shop_images/promo-home8-product-2.png",
            "link_product": "#"
          }
        },
        "promo-3": {
          "type": "product_link",
          "settings": {
            "name_product": "Special ocasion",
            "text_align": "left",
            "font_size": "24",
            "image_product": "shopify://shop_images/placeholder3.png",
            "link_product": "#"
          }
        }
      },
      "block_order": [
        "promo-1",
        "promo-2",
        "promo-3"
      ]
    },
    "call-action": {
      "type": "mdp-weare-call-to-action-1",
      "settings": {
        "title": "New Collection",
        "text_color": "#343434",
        "bg_color": "",
        "font_size_heading": 48,
        "line_height_heading": 50,
        "image": "shopify://shop_images/banner-top-home-8.jpg",
        "parallax": true,
        "bg_color_boxtext": "rgba(255, 255, 255, 0.654373)",
        "content": "<p>Take 20% Off/ Sale Must-Haves</p>",
        "boxed": false,
        "variant": "style_1",
        "padding_top": "155",
        "padding_bottom": "155",
        "margin_top": "0",
        "margin_bottom": "0"
      }
    },
    "collection-grid": {
      "type": "mdp-weare-collection-grid",
      "settings": {
        "title": "",
        "boxed": false,
        "selected_collection": "home-8",
        "number_of_products": 10,
        "col_per_row": 3,
        "gutter": "30",
        "images_form": "110",
        "image_size": "1400x2000_crop_center",
        "slider": false,
        "show_price": true,
        "background": "",
        "padding_top": "0",
        "padding_bottom": "0",
        "margin_top": "80",
        "margin_bottom": "80"
      }
    },
    "collection-carousel": {
      "type": "mdp-weare-collection-carousel",
      "settings": {
        "title": "Our Favorite Models",
        "selected_collection": "our-favorite-models",
        "print_price": true,
        "number_of_products": 10,
        "slides_per_view": 6,
        "slides_per_view_md": 3,
        "slides_per_view_sm": 2,
        "slides_per_view_xs": 1,
        "images_form": "90",
        "image_size": "500x700_crop_center",
        "slider": false,
        "view_all_string": "",
        "boxed": false,
        "background_container": "#F9F5F2",
        "font_size_header": 32,
        "heading_alignment": "center",
        "margin_top": "60",
        "margin_bottom": "0",
        "padding_top": "70",
        "padding_bottom": "0"
      }
    },
    "promo-footer": {
      "type": "mdp-weare-promo-home-8",
      "settings": {
        "title_promotwo": "",
        "image_size_promotwo": "868x683_crop_center",
        "boxed": false,
        "padding_top_promotwo": "40",
        "padding_bottom_promotwo": "53",
        "margin_top_promotwo": "0",
        "margin_bottom_promotwo": "0"
      },
      "blocks": {
        "promo-1": {
          "type": "product_link",
          "settings": {
            "name_product": "Elegant sophistication",
            "text_align": "center",
            "font_size": "32",
            "image_product": "shopify://shop_images/beautiful-1-promo-home-8.jpg",
            "link_product": "#"
          }
        },
        "promo-2": {
          "type": "product_link",
          "settings": {
            "name_product": "Lace Petite",
            "text_align": "center",
            "font_size": "32",
            "image_product": "shopify://shop_images/beautiful-2-promo-home-8.jpg",
            "link_product": "#"
          }
        }
      },
      "block_order": [
        "promo-1",
        "promo-2"
      ]
    },
    "call-action-footer": {
      "type": "mdp-weare-call-to-action-1",
      "settings": {
        "title": "Satin Loungewear",
        "text_color": "#343434",
        "bg_color": "",
        "font_size_heading": 48,
        "line_height_heading": 50,
        "image": "shopify://shop_images/home8-big-banner-new.png",
        "parallax": true,
        "bg_color_boxtext": "rgba(255, 255, 255, 0.654373)",
        "content": "<p>Take 20% Off/ Sale Must-Haves</p>",
        "boxed": false,
        "variant": "style_1",
        "padding_top": "155",
        "padding_bottom": "155",
        "margin_top": "0",
        "margin_bottom": "0"
      }
    },
    "logos": {
      "type":"mdp-weare-logos-1",
      "settings":{
        "boxed": false,
        "image_size": "200x90",
        "margin_top": "80",
        "margin_bottom": "80"
      },
      "blocks": {
        "logo-6": {
          "type": "logo",
          "settings": {
            "image": "shopify://shop_images/logo6.png"
          }
        },
        "logo-1": {
          "type": "logo",
          "settings": {
            "image": "shopify://shop_images/logo4.png"
          }
        },
        "logo-2": {
          "type": "logo",
          "settings": {
            "image": "shopify://shop_images/logo2.png"
          }
        },
        "logo-3": {
          "type": "logo",
          "settings": {
            "image": "shopify://shop_images/logo3.png"
          }
        },
        "logo-4": {
          "type": "logo",
          "settings": {
            "image": "shopify://shop_images/logo5.png"
          }
        },
        "logo-5": {
          "type": "logo",
          "settings": {
            "image": "shopify://shop_images/logo1.png"
          }
        }
      },
      "block_order": [
        "logo-6",
        "logo-1",
        "logo-2",
        "logo-3",
        "logo-4",
        "logo-5"
      ]
    },
    "footer-1":{
      "type": "mdp-weare-footer-1",
      "settings": {
        "show_payment_icons":true,
        "show_powered_by":true,
        "show_border":true,
        "margin_top":"0"
      },
      "blocks": {
        "about-us": {
          "type": "text",
          "settings": {
            "title": "About Us",
            "text": "<p>Share store details, promotions, or brand content with your customers.</p>"
          }
        },
        "quick-links": {
          "type": "menu",
          "settings": {
            "title": "Quick Links",
            "footer_link_list": "footer"
          }
        },
        "follow-us": {
          "type": "social_medias",
          "settings": {
            "facebook_link": "#",
            "twitter_link": "#",
            "instagram_link": "#",
            "pinterest_link": "#"
          }
        },
        "subscribe": {
          "type": "newsletter",
          "settings": {
            "title": "Subscribe to our newsletter",
            "subtitle": "A short sentence describing what someone will receive by subscribing"
          }
        }
      },
      "block_order": [
        "about-us",
        "quick-links",
        "follow-us",
        "subscribe"
      ]
    }
  },
  "order":[
    "menu-2",
    "menu-1",
    "slideshow",
    "promo",
    "call-action",
    "collection-grid",
    "collection-carousel",
    "promo-footer",
    "call-action-footer",
    "logos",
    "footer-1"
  ]
}