{
  "name": "Home 7",
  "layout":"theme.landing",
  "sections": {
    "menu-2":{
      "type":"mdp-weare-menu-2",
      "settings":{
        "menu":"",
        "enabled_topbar": true,
        "enabled_menu": false,
        "enabled_shadow": false,
        "info_text": false,
        "social_icons": true,
        "discounts": true,
        "work_time": true,
        "country_selector": false,
        "language_selector": false,
        "bg_color": "#343434",
        "icon_color": "#FFFFFF",
        "discount_color": "#FFFFFF",
        "work_time_color": "#FFFFFF"
      },
      "blocks": {
        "facebook": {
          "type": "icons",
          "settings": {
            "icon_class": "fab fa-facebook-f",
            "social_link": "https://www.facebook.com/merkuloveteam"
          }
        },
        "instagram": {
          "type": "icons",
          "settings": {
            "icon_class": "fab fa-instagram",
            "social_link": "https://www.instagram.com/merkulove.team/"
          }
        },
        "tiktok": {
          "type": "icons",
          "settings": {
            "icon_class": "fab fa-tiktok",
            "social_link": "https://www.tiktok.com/"
          }
        },
        "whatsapp": {
          "type": "icons",
          "settings": {
            "icon_class": "fab fa-whatsapp",
            "social_link": "https://www.whatsapp.com/"
          }
        },
        "discounts-1": {
          "type": "discounts",
          "settings": {
            "discounts_text": "Up to 50% off Our Best Bits"
          }
        },
        "discounts-2": {
          "type": "discounts",
          "settings": {
            "discounts_text": "Limited Time Only"
          }
        },
        "discounts-3": {
          "type": "discounts",
          "settings": {
            "discounts_text": "Discover More",
            "discounts_link": "https://themeforest.net/user/merkulove/portfolio?direction=desc&order_by=sortable_at&view=grid"
          }
        },
        "work_time": {
          "type": "work_time",
          "settings": {
            "work_time_text": "Mon-Fri 08:00 - 18:00"
          }
        }
      },
      "block_order": [
        "facebook",
        "instagram",
        "tiktok",
        "whatsapp",
        "discounts-1",
        "discounts-2",
        "discounts-3",
        "work_time"
      ]
    },
    "menu-1":{
      "type": "mdp-weare-menu-1",
      "settings":{
        "logo_size": "150x70",
        "menu": "main-menu",
        "search": true,
        "inverted": false
      },
      "blocks": {
        "facebook": {
          "type": "mobile_icons",
          "settings": {
            "icon_class": "fab fa-facebook-f",
            "social_link": "https://www.facebook.com/merkuloveteam"
          }
        },
        "instagram": {
          "type": "mobile_icons",
          "settings": {
            "icon_class": "fab fa-instagram",
            "social_link": "https://www.instagram.com/merkulove.team/"
          }
        },
        "tiktok": {
          "type": "mobile_icons",
          "settings": {
            "icon_class": "fab fa-tiktok",
            "social_link": "https://www.tiktok.com/"
          }
        },
        "whatsapp": {
          "type": "mobile_icons",
          "settings": {
            "icon_class": "fab fa-whatsapp",
            "social_link": "https://www.whatsapp.com/"
          }
        },
        "work_time": {
          "type": "work_time",
          "settings": {
            "work_time_text": "Mon-Fri 08:00 - 18:00"
          }
        }
      },
      "block_order": [
        "facebook",
        "instagram",
        "tiktok",
        "whatsapp",
        "work_time"
      ]
    },
    "slideshow": {
      "type": "mdp-weare-slideshow-home-7",
      "settings": {
        "boxed": false,
        "variant": "style_1",
        "height": "1050",
        "margin_top": "0",
        "margin_bottom": "0"
      },
      "blocks": {
        "slide-1": {
          "type": "slide",
          "settings": {
            "image": "shopify://shop_images/big-slide1-home7.jpg",
            "mob_img_new": "shopify://shop_images/new2-moile-slider2-home-7.png",
            "text_alignment": "end",
            "title": "Designed For <span>Style</span>.<br/>Engineered For Sound"
          }
        },
        "slide-2": {
          "type": "slide",
          "settings": {
            "image": "shopify://shop_images/big-slide2-home7.jpg",
            "mob_img_new": "shopify://shop_images/new-moile-slider1-home-7.png",
            "text_alignment": "end",
            "title": "Designed For <span>Style</span>.<br/>Engineered For Sound"
          }
        },
        "slide-3": {
          "type": "slide",
          "settings": {
            "image": "shopify://shop_images/big-slide3-home7.jpg",
            "mob_img_new": "shopify://shop_images/new-moile-slider3-home-7.png",
            "text_alignment": "end",
            "title": "Designed For <span>Style</span>.<br/>Engineered For Sound"
          }
        }
      },
      "block_order": [
        "slide-1",
        "slide-2",
        "slide-3"
      ]
    },
    "collection-grid": {
      "type": "mdp-weare-collection-grid",
      "settings": {
        "title": "",
        "boxed": false,
        "selected_collection": "home-7-four",
        "number_of_products": 4,
        "col_per_row": 4,
        "gutter": "30",
        "image_size": "original",
        "slider": false,
        "show_price": true,
        "padding_top": "0",
        "padding_bottom": "0",
        "margin_top": "80",
        "margin_bottom": "0"
      }
    },
    "hero-1": {
      "type": "mdp-weare-hero-home-7",
      "settings": {
        "title_herotwo": "Your headphones to <br> connect the world sound",
        "subtitle_herotwo": "Ambient mode:",
        "heading_margin_left_herotwo": "0",
        "heading_color_herotwo": "#ffffff",
        "subtitle_color_herotwo": "#599E8F",
        "text_color_herotwo": "#ffffff",
        "image_herotwo": "shopify://shop_images/home7-banner-1-big-img.jpg",
        "background_size_herotwo": "cover",
        "background_image_herotwo": "",
        "content_herotwo": "<p>Sed elementum ultricies elementum. Praesent tortor lorem, fermentum in purus quis, sodales faucibus tortor. Pellentesque vitae hendrerit sapien. Cras eu dictum massa. Ut iaculis efficitur massa a pharetra. Vivamus at convallis tellus</p>",
        "image_size_herotwo": "2500x840_crop_center",
        "boxed": false,
        "variant_herotwo": "start",
        "padding_top_herotwo": "220",
        "padding_bottom_herotwo": "220",
        "margin_top_herotwo": "55",
        "margin_bottom_herotwo": "0"
      }
    },
    "hero-2": {
      "type": "mdp-weare-hero-list-home-7",
      "settings": {
        "title_herotwo": "Bluetooth earphones. <br>Leave your phone <br>in your pocket.",
        "heading_margin_left_herotwo": "0",
        "heading_color_herotwo": "#ffffff",
        "text_color_herotwo": "#ffffff",
        "image_herotwo": "shopify://shop_images/home7-banner-2-big-img.jpg",
        "background_size_herotwo": "cover",
        "background_image_herotwo": "",
        "content_herotwo": "",
        "image_size_herotwo": "2500x840_crop_center",
        "boxed": false,
        "variant_herotwo": "end",
        "padding_top_herotwo": "170",
        "padding_bottom_herotwo": "160",
        "margin_top_herotwo": "0",
        "margin_bottom_herotwo": "80"
      },
      "blocks": {
        "list-item-1": {
          "type": "list_item",
          "settings": {
            "icon_class": "fal fa-volume-slash",
            "content": "<p>Active Noise Cancellation</p>"
          }
        },
        "list-item-2": {
          "type": "list_item",
          "settings": {
            "icon_class": "fal fa-battery-three-quarters",
            "content": "<p>Up to 24 Hours of Battery</p>"
          }
        },
        "list-item-3": {
          "type": "list_item",
          "settings": {
            "icon_class": "fal fa-battery-bolt",
            "content": "<p>Rapid Charge (7min=4hrs)</p>"
          }
        },
        "list-item-4": {
          "type": "list_item",
          "settings": {
            "icon_class": "fal fa-battery-three-quarters",
            "content": "<p>Active Noise Cancellation</p>"
          }
        },
        "list-item-5": {
          "type": "list_item",
          "settings": {
            "icon_class": "fal fa-fast-backward",
            "content": "<p>Call, Track and Volume Control</p>"
          }
        }
      },
      "block_order": [
        "list-item-1",
        "list-item-2",
        "list-item-3",
        "list-item-4",
        "list-item-5"
      ]
    },
    "collection-grid-footer": {
      "type": "mdp-weare-collection-grid",
      "settings": {
        "title": "",
        "boxed": true,
        "selected_collection": "home-7",
        "number_of_products": 12,
        "col_per_row": 4,
        "gutter": "30",
        "images_form": "30",
        "image_size": "original",
        "slider": false,
        "show_price": true,
        "show_btn_cl": true,
        "btn_text_collection": "Shop Now",
        "background": "0",
        "padding_top": "0",
        "padding_bottom": "0",
        "margin_top": "0",
        "margin_bottom": "80"
      }
    },
    "hero-footer": {
      "type": "mdp-weare-hero-footer-home-7",
      "settings": {
        "title_herotwo": "Full-spectrum listening. <br>Deep bass and clear highs.",
        "heading_margin_left_herotwo": "0",
        "heading_color_herotwo": "#ffffff",
        "text_color_herotwo": "#343434",
        "image_herotwo": "shopify://shop_images/banner3.png",
        "background_size_herotwo": "cover",
        "background_image_herotwo": "",
        "image_size_herotwo": "2000x500_crop_center",
        "boxed": false,
        "variant_herotwo": "end",
        "padding_top_herotwo": "340",
        "padding_bottom_herotwo": "130",
        "margin_top_herotwo": "0",
        "margin_bottom_herotwo": "0"
      }
    },
    "footer-1":{
      "type": "mdp-weare-footer-1",
      "settings": {
        "show_payment_icons": true,
        "show_powered_by": true,
        "show_border": false,
        "margin_top":"0"
      },
      "blocks": {
        "about-us": {
          "type": "text",
          "settings": {
            "title": "About Us",
            "text": "<p>Share store details, promotions, or brand content with your customers.</p>"
          }
        },
        "quick-links": {
          "type": "menu",
          "settings": {
            "title": "Quick Links",
            "footer_link_list": "footer"
          }
        },
        "follow-us": {
          "type": "social_medias",
          "settings": {
            "facebook_link": "#",
            "twitter_link": "#",
            "instagram_link": "#",
            "pinterest_link": "#"
          }
        },
        "subscribe": {
          "type": "newsletter",
          "settings": {
            "title": "Subscribe to our newsletter",
            "subtitle": "A short sentence describing what someone will receive by subscribing"
          }
        }
      },
      "block_order": [
        "about-us",
        "quick-links",
        "follow-us",
        "subscribe"
      ]
    }
  },
  "order":[
    "menu-2",
    "menu-1",
    "slideshow",
    "collection-grid",
    "hero-1",
    "hero-2",
    "collection-grid-footer",
    "hero-footer",
    "footer-1"
  ]
}