{
  "name": "About Us",
  "layout":"theme.landing",
  "sections": {
    "menu-2":{
      "type":"mdp-weare-menu-2",
      "settings":{
        "menu":"",
        "enabled_topbar": true,
        "enabled_menu": false,
        "enabled_shadow": false,
        "info_text": false,
        "social_icons": true,
        "discounts": true,
        "work_time": true,
        "country_selector": false,
        "language_selector": false,
        "bg_color": "#FFE8E8",
        "icon_color": "#343434",
        "discount_color": "#E9384F",
        "work_time_color": "#343434"
      },
      "blocks": {
        "facebook": {
          "type": "icons",
          "settings": {
            "icon_class": "fab fa-facebook-f",
            "social_link": "https://www.facebook.com/merkuloveteam"
          }
        },
        "instagram": {
          "type": "icons",
          "settings": {
            "icon_class": "fab fa-instagram",
            "social_link": "https://www.instagram.com/merkulove.team/"
          }
        },
        "tiktok": {
          "type": "icons",
          "settings": {
            "icon_class": "fab fa-tiktok",
            "social_link": "https://www.tiktok.com/"
          }
        },
        "whatsapp": {
          "type": "icons",
          "settings": {
            "icon_class": "fab fa-whatsapp",
            "social_link": "https://www.whatsapp.com/"
          }
        },
        "discounts-1": {
          "type": "discounts",
          "settings": {
            "discounts_text": "Up to 50% off Our Best Bits"
          }
        },
        "discounts-2": {
          "type": "discounts",
          "settings": {
            "discounts_text": "Limited Time Only"
          }
        },
        "discounts-3": {
          "type": "discounts",
          "settings": {
            "discounts_text": "Discover More",
            "discounts_link": "https://themeforest.net/user/merkulove/portfolio?direction=desc&order_by=sortable_at&view=grid"
          }
        },
        "work_time": {
          "type": "work_time",
          "settings": {
            "work_time_text": "Mon-Fri 08:00 - 18:00"
          }
        }
      },
      "block_order": [
        "facebook",
        "instagram",
        "tiktok",
        "whatsapp",
        "discounts-1",
        "discounts-2",
        "discounts-3",
        "work_time"
      ]
    },
    "menu-1":{
      "type": "mdp-weare-menu-1",
      "settings":{
        "logo_size": "150x70",
        "menu": "main-menu",
        "search": true,
        "inverted": false
      },
      "blocks": {
        "facebook": {
          "type": "mobile_icons",
          "settings": {
            "icon_class": "fab fa-facebook-f",
            "social_link": "https://www.facebook.com/merkuloveteam"
          }
        },
        "instagram": {
          "type": "mobile_icons",
          "settings": {
            "icon_class": "fab fa-instagram",
            "social_link": "https://www.instagram.com/merkulove.team/"
          }
        },
        "tiktok": {
          "type": "mobile_icons",
          "settings": {
            "icon_class": "fab fa-tiktok",
            "social_link": "https://www.tiktok.com/"
          }
        },
        "whatsapp": {
          "type": "mobile_icons",
          "settings": {
            "icon_class": "fab fa-whatsapp",
            "social_link": "https://www.whatsapp.com/"
          }
        },
        "work_time": {
          "type": "work_time",
          "settings": {
            "work_time_text": "Mon-Fri 08:00 - 18:00"
          }
        }
      },
      "block_order": [
        "facebook",
        "instagram",
        "tiktok",
        "whatsapp",
        "work_time"
      ]
    },
    "breadcrumbs": {
      "type": "breadcrumbs",
      "settings":{

      }
    },
    "page-content": {
      "type": "page-content"
    },
    "news": {
      "type": "mdp-weare-news-1",
      "settings": {
        "title": "",
        "subtitle": "",
        "blog": "about-us",
        "limit": 9,
        "col_per_row": 3,
        "gap": "30",
        "images_form": "50",
        "reduces_form": "0.9",
        "big_image_news": true,
        "image_size": "400x540_crop_center",
        "bg_color": "",
        "boxed": true,
        "excerpt_words": 20,
        "variant": "style_3",
        "padding_top": "0",
        "padding_bottom": "0",
        "margin_top": "0",
        "margin_bottom": "80"
      }
    },
    "promo": {
      "type": "mdp-weare-promo-1",
      "settings": {
        "title": "We focus on brands that tell a strong story through their products",
        "subtitle": "Our Mission",
        "image": "shopify://shop_images/promo-about-us.png",
        "image_size": "536x500_crop_center",
        "button_string": "Read More",
        "link": "#",
        "bg_color": "#ffffff",
        "variant": "left_text",
        "text_align": "left",
        "margin_top": "0",
        "margin_bottom": "0"
      },
      "blocks": {
        "list-1": {
          "type": "list",
          "settings": {
            "icon_class": "",
            "text": "Integer suscipit sollicitudin sem, in porta nisi dignissim sit amet. Aenean ultrices elit dui, vitae mollis justo elementum sit amet. Nam et nisi et nibh varius congue. Nunc dictum mi id purus interdum pulvinar. Proin rhoncus venenatis sem, quis aliquam magna iaculis eu. Nulla magna dui, pretium nec risus"
          }
        },
        "list-2": {
          "type": "list",
          "settings": {
            "icon_class": "fas fa-circle",
            "text": "Curabitur feugiat enim molestie, dignissim sem"
          }
        },
        "list-3": {
          "type": "list",
          "settings": {
            "icon_class": "fas fa-circle",
            "text": "Feugiat enim molestie, dignissim sem"
          }
        },
        "list-4": {
          "type": "list",
          "settings": {
            "icon_class": "fas fa-circle",
            "text": "Etiam gravida tortor a mauris pellentesque, ac consectetur"
          }
        }
      },
      "block_order": [
        "list-1",
        "list-2",
        "list-3",
        "list-4"
      ]
    },
    "logos": {
      "type":"mdp-weare-logos-1",
      "settings":{
        "image_size": "200x90",
        "margin_top": "80",
        "margin_bottom": "80"
      },
      "blocks": {
        "logo-1": {
          "type": "logo",
          "settings": {
            "image": "shopify://shop_images/logo4.png"
          }
        },
        "logo-2": {
          "type": "logo",
          "settings": {
            "image": "shopify://shop_images/logo2.png"
          }
        },
        "logo-3": {
          "type": "logo",
          "settings": {
            "image": "shopify://shop_images/logo3.png"
          }
        },
        "logo-4": {
          "type": "logo",
          "settings": {
            "image": "shopify://shop_images/logo5.png"
          }
        }
      },
      "block_order": [
        "logo-1",
        "logo-2",
        "logo-3",
        "logo-4"
      ]
    },
    "video": {
      "type": "mdp-weare-video-1",
      "settings": {
        "image": "shopify://shop_images/photo_2021-12-21_10-31-44.jpg",
        "image_size": "960x600_crop_center",
        "text_color": "#ffffff",
        "bg_color": "#343434",
        "video_header": "New Fall Winter 2..022 Campaign",
        "video_view_more": "/View More Details",
        "view_more_link": "#",
        "margin_top": "",
        "margin_bottom": ""
      }
    },
    "collection": {
      "type": "mdp-weare-collection-row",
      "settings": {
        "selected_collection": "",
        "print_price_row": false,
        "name_collection": "Weare it <br> with/",
        "button_string": "Shop Now",
        "number_of_products": 4,
        "col_per_row": 5,
        "images_form": "50",
        "image_size": "270x370_crop_center",
        "slider": false,
        "separator": false,
        "variant": "style_1",
        "margin_top": "80",
        "margin_bottom": "0"
      }
    },
    "testimonials": {
      "type": "mdp-weare-testimonials-about",
      "settings": {
        "title": "",
        "subtitle": "",
        "col_per_row": 2,
        "gap": "30",
        "image_size": "60x60_crop_center",
        "show_rating": true,
        "variant": "style_1",
        "margin_top": "65",
        "margin_bottom": "80"
      },
      "blocks": {
        "testimonial-1": {
          "type": "testimonial",
          "settings": {
            "image": "",
            "name": "John Samuel",
            "title": "Customer",
            "content": "<p>“Duis sit amet ornare elit. Vivamus pharetra ornare ipsum, at bibendum metus pretium tristique. Nam sapien tellus, hendrerit egestas sapien et, congue laoreet odio”</p>"
          }
        },
        "testimonial-2": {
          "type": "testimonial",
          "settings": {
            "image": "",
            "name": "Miranda Kerr",
            "title": "Customer",
            "content": "<p>“Cras pretium porta auctor. Proin consectetur placerat massa sit amet malesuada. Ut egestas justo et leo auctor, et efficitur justo ultrices”</p>"
          }
        }
      },
      "block_order": [
        "testimonial-1",
        "testimonial-2"
      ]
    },
    "footer-1":{
      "type": "mdp-weare-footer-1",
      "settings": {
        "show_payment_icons":true,
        "show_powered_by":true,
        "show_border":true,
        "margin_top":"0"
      },
      "blocks": {
        "about-us": {
          "type": "text",
          "settings": {
            "title": "About Us",
            "text": "<p>Share store details, promotions, or brand content with your customers.</p>"
          }
        },
        "quick-links": {
          "type": "menu",
          "settings": {
            "title": "Quick Links",
            "footer_link_list": "footer"
          }
        },
        "follow-us": {
          "type": "social_medias",
          "settings": {
            "facebook_link": "#",
            "twitter_link": "#",
            "instagram_link": "#",
            "pinterest_link": "#"
          }
        },
        "subscribe": {
          "type": "newsletter",
          "settings": {
            "title": "Subscribe to our newsletter",
            "subtitle": "A short sentence describing what someone will receive by subscribing"
          }
        }
      },
      "block_order": [
        "about-us",
        "quick-links",
        "follow-us",
        "subscribe"
      ]
    }
  },
  "order":[
    "menu-2",
    "menu-1",
    "breadcrumbs",
    "page-content",
    "news",
    "promo",
    "logos",
    "video",
    "collection",
    "testimonials",
    "footer-1"
  ]
}