{
  "name": "Contact us",
  "layout":"theme.landing",
  "sections": {
    "menu-2":{
      "type":"mdp-weare-menu-2",
      "settings":{
        "menu":"",
        "enabled_topbar": true,
        "enabled_menu": false,
        "enabled_shadow": false,
        "info_text": false,
        "social_icons": true,
        "discounts": true,
        "work_time": true,
        "country_selector": false,
        "language_selector": false,
        "bg_color": "#FFE8E8",
        "icon_color": "#343434",
        "discount_color": "#E9384F",
        "work_time_color": "#343434"
      },
      "blocks": {
        "facebook": {
          "type": "icons",
          "settings": {
            "icon_class": "fab fa-facebook-f",
            "social_link": "https://www.facebook.com/merkuloveteam"
          }
        },
        "instagram": {
          "type": "icons",
          "settings": {
            "icon_class": "fab fa-instagram",
            "social_link": "https://www.instagram.com/merkulove.team/"
          }
        },
        "tiktok": {
          "type": "icons",
          "settings": {
            "icon_class": "fab fa-tiktok",
            "social_link": "https://www.tiktok.com/"
          }
        },
        "whatsapp": {
          "type": "icons",
          "settings": {
            "icon_class": "fab fa-whatsapp",
            "social_link": "https://www.whatsapp.com/"
          }
        },
        "discounts-1": {
          "type": "discounts",
          "settings": {
            "discounts_text": "Up to 50% off Our Best Bits"
          }
        },
        "discounts-2": {
          "type": "discounts",
          "settings": {
            "discounts_text": "Limited Time Only"
          }
        },
        "discounts-3": {
          "type": "discounts",
          "settings": {
            "discounts_text": "Discover More",
            "discounts_link": "https://themeforest.net/user/merkulove/portfolio?direction=desc&order_by=sortable_at&view=grid"
          }
        },
        "work_time": {
          "type": "work_time",
          "settings": {
            "work_time_text": "Mon-Fri 08:00 - 18:00"
          }
        }
      },
      "block_order": [
        "facebook",
        "instagram",
        "tiktok",
        "whatsapp",
        "discounts-1",
        "discounts-2",
        "discounts-3",
        "work_time"
      ]
    },
    "menu-1":{
      "type": "mdp-weare-menu-1",
      "settings":{
        "logo_size": "150x70",
        "menu": "main-menu",
        "search": true,
        "inverted": false
      },
      "blocks": {
        "facebook": {
          "type": "mobile_icons",
          "settings": {
            "icon_class": "fab fa-facebook-f",
            "social_link": "https://www.facebook.com/merkuloveteam"
          }
        },
        "instagram": {
          "type": "mobile_icons",
          "settings": {
            "icon_class": "fab fa-instagram",
            "social_link": "https://www.instagram.com/merkulove.team/"
          }
        },
        "tiktok": {
          "type": "mobile_icons",
          "settings": {
            "icon_class": "fab fa-tiktok",
            "social_link": "https://www.tiktok.com/"
          }
        },
        "whatsapp": {
          "type": "mobile_icons",
          "settings": {
            "icon_class": "fab fa-whatsapp",
            "social_link": "https://www.whatsapp.com/"
          }
        },
        "work_time": {
          "type": "work_time",
          "settings": {
            "work_time_text": "Mon-Fri 08:00 - 18:00"
          }
        }
      },
      "block_order": [
        "facebook",
        "instagram",
        "tiktok",
        "whatsapp",
        "work_time"
      ]
    },
    "breadcrumbs": {
      "type": "breadcrumbs",
      "settings":{

      }
    },
    "promo-top": {
      "type": "mdp-weare-promo-contact",
      "settings": {
        "title": "Contacts Us <br>..",
        "subtitle": "",
        "image": "shopify://shop_images/contact-promo-1.png",
        "content": "<p>For <strong>PRESS & ADVERTISING</strong>, please contact <a href='mailto:infopress@weare.com'>infopress@weare.com</a></p>",
        "image_size": "535x452_crop_center",
        "bg_color": "",
        "variant": "right_text",
        "padding_top": "",
        "padding_bottom": "",
        "margin_top": "0",
        "margin_bottom": "0"
      },
      "blocks": {
        "item-1": {
          "type": "list",
          "settings": {
            "icon_class": "",
            "text": "<span>For <strong>Customers</strong>, please contact</span>"
          }
        },
        "item-2": {
          "type": "list_link",
          "settings": {
            "icon_class_link": "fas fa-envelope",
            "text_link": "help@weare.com",
            "link_url": "mailto:help@weare.com"
          }
        },
        "item-3": {
          "type": "list_link",
          "settings": {
            "icon_class_link": "fas fa-phone-volume",
            "text_link": "+1-202-303-404",
            "link_url": "tel:+1-202-303-404"
          }
        },
        "item-4": {
          "type": "list",
          "settings": {
            "icon_class": "fas fa-comment-dots",
            "text": "502-101-202"
          }
        }
      },
      "block_order": [
        "item-1",
        "item-2",
        "item-3",
        "item-4"
      ]
    },
    "promo-contact": {
      "type": "mdp-weare-promo-1-2",
      "settings": {
        "title_promotwo": "Store Locations <br>..",
        "subtitle_promotwo": "",
        "image_promotwo": "shopify://shop_images/contact-promo-2.png",
        "content_promotwo": "",
        "image_size_promotwo": "600x600_crop_center",
        "bg_color_promotwo": "",
        "variant_promotwo": "left_text",
        "padding_top_promotwo": "0",
        "padding_bottom_promotwo": "0",
        "margin_top_promotwo": "80",
        "margin_bottom_promotwo": "80"
      },
      "blocks": {
        "item-1": {
          "type": "list",
          "settings": {
            "icon_class": "",
            "text_promotwo": "<strong>London</strong>"
          }
        },
        "item-2": {
          "type": "list",
          "settings": {
            "icon_class": "fas fa-map-marker-alt",
            "text_promotwo": "52 West Miller Ave. <br> Chardon, OH 44024"
          }
        },
        "item-3": {
          "type": "list_link",
          "settings": {
            "icon_class_link": "fas fa-phone-volume",
            "text_promotwo_link": "+44-1632-960395",
            "link_url": "tel:+441632960395"
          }
        },
        "item-4": {
          "type": "list",
          "settings": {
            "icon_class": "fas fa-comment-dots",
            "text_promotwo": "502-101-202"
          }
        },
        "item-5": {
          "type": "list",
          "settings": {
            "icon_class": "",
            "text_promotwo": "<strong>..</strong>"
          }
        },
        "item-6": {
          "type": "list",
          "settings": {
            "icon_class": "",
            "text_promotwo": "<strong>New-york</strong>"
          }
        },
        "item-7": {
          "type": "list",
          "settings": {
            "icon_class": "fas fa-map-marker-alt",
            "text_promotwo": "83 Wintergreen Ave. <br> Midlothian, VA 23112"
          }
        },
        "item-8": {
          "type": "list_link",
          "settings": {
            "icon_class_link": "fas fa-phone-volume",
            "text_promotwo_link": "+1-202-303-404",
            "link_url": "tel:+1202303404"
          }
        },
        "item-9": {
          "type": "list",
          "settings": {
            "icon_class": "fas fa-comment-dots",
            "text_promotwo": "308-101-202"
          }
        },
        "item-10": {
          "type": "list",
          "settings": {
            "icon_class": "",
            "text_promotwo": "<strong>Madrid</strong>"
          }
        },
        "item-11": {
          "type": "list",
          "settings": {
            "icon_class": "fas fa-map-marker-alt",
            "text_promotwo": "30 St Louis St. <br> Daphne, AL 36526"
          }
        },
        "item-12": {
          "type": "list_link",
          "settings": {
            "icon_class_link": "fas fa-phone-volume",
            "text_promotwo_link": "+34-012-952-244",
            "link_url": "tel:+34012952244"
          }
        },
        "item-13": {
          "type": "list",
          "settings": {
            "icon_class": "fas fa-comment-dots",
            "text_promotwo": "802-101-202"
          }
        },
        "item-14": {
          "type": "list",
          "settings": {
            "icon_class": "",
            "text_promotwo": "&nbsp;"
          }
        },
        "item-15": {
          "type": "list",
          "settings": {
            "icon_class": "",
            "text_promotwo": "<strong>Tokio</strong>"
          }
        },
        "item-16": {
          "type": "list",
          "settings": {
            "icon_class": "fas fa-map-marker-alt",
            "text_promotwo": "234-1041, Nishiaino, <br> Sanda-shi, Hyogo"
          }
        },
        "item-17": {
          "type": "list_link",
          "settings": {
            "icon_class_link": "fas fa-phone-volume",
            "text_promotwo_link": "+81-75-879-7063",
            "link_url": "tel:+81758797063"
          }
        },
        "item-18": {
          "type": "list",
          "settings": {
            "icon_class": "fas fa-comment-dots",
            "text_promotwo": "672-101-202"
          }
        }
      },
      "block_order": [
        "item-1",
        "item-2",
        "item-3",
        "item-4",
        "item-5",
        "item-6",
        "item-7",
        "item-8",
        "item-9",
        "item-10",
        "item-11",
        "item-12",
        "item-13",
        "item-14",
        "item-15",
        "item-16",
        "item-17",
        "item-18"
      ]
    },
    "hero-img": {
      "type": "mdp-weare-hero-blog",
      "settings": {
        "title": "",
        "subtitle": "",
        "heading_margin_left": "0",
        "text_transform": "none",
        "heading_color": "",
        "image": "shopify://shop_images/new-contact-page-hero-img-big.jpg",
        "mobile_image": "shopify://shop_images/mob-_ontact-hero.jpg",
        "background_size": "cover",
        "background_image": "#FFFFFF",
        "image_size": "2450x450",
        "padding_top": "225",
        "padding_bottom": "225",
        "margin_top": "0",
        "margin_bottom": "65"
      }
    },
    "gallery": {
      "type": "mdp-weare-gallery-1",
      "settings": {
        "title": "",
        "subtitle": "",
        "col_per_row": 2,
        "gap": "0",
        "image_size": "600x600_crop_center",
        "magnific_gallery": true,
        "display_content": false,
        "margin_top": "0",
        "margin_bottom": "65"
      },
      "blocks": {
        "item-1": {
          "type": "gallery_item",
          "settings": {
            "image": "shopify://shop_images/contact-promo-3-1.png",
            "title": "Heading one",
            "content": "<p>Lorem Ipsumis simply dummy text of the printing and typesetting industry. Lorem Ipsum has been the industry's standard dummy text ever since the 1500s, when an unknown printer took a galley of type and scrambled it to make a type specimen book.</p>"
          }
        },
        "item-2": {
          "type": "gallery_item",
          "settings": {
            "image": "shopify://shop_images/contact-promo-3-2.png",
            "title": "Heading two",
            "content": "<p>Lorem Ipsumis simply dummy text of the printing and typesetting industry. Lorem Ipsum has been the industry's standard dummy text ever since the 1500s, when an unknown printer took a galley of type and scrambled it to make a type specimen book.</p>"
          }
        }
      },
      "block_order": [
        "item-1",
        "item-2"
      ]
    },
    "hero": {
      "type": "mdp-weare-hero-2-1",
      "settings": {
        "title_herotwo": "Get Coupon SALE WEEK 64%",
        "subtitle_herotwo": "",
        "heading_margin_left_herotwo": "0",
        "heading_color_herotwo": "#343434",
        "text_color_herotwo": "#343434",
        "background_image_herotwo": "#FFE8E8",
        "content_herotwo": "<p>Duis posuere interdum eros, eu tincidunt libero tempus tempor</p>",
        "image_size_herotwo": "2000x500_crop_center",
        "boxed": true,
        "inverted_herotwo": false,
        "backed_herotwo": false,
        "subscribe_herotwo": false,
        "variant_herotwo": "center_text",
        "padding_top_herotwo": "30",
        "padding_bottom_herotwo": "30",
        "margin_top_herotwo": "0",
        "margin_bottom_herotwo": "80"
      }
    },
    "icon-list": {
      "type": "mdp-weare-icon-list-2",
      "settings": {
        "col_per_row": 3,
        "gap": "30",
        "color_content": "#343434",
        "background": "#ffffff",
        "margin_top": "0",
        "margin_bottom": "80",
        "padding_top": "0",
        "padding_bottom": "0"
      },
      "blocks": {
        "item-1": {
          "type": "list_item",
          "settings": {
            "icon_class": "fas fa-shipping-fast",
            "content": "<p><a href='#'>Free Shipping</a>. All orders of $49 or more of eligible items across any product category qualify.</p>"
          }
        },
        "item-2": {
          "type": "list_item",
          "settings": {
            "icon_class": "fas fa-money-check-alt",
            "content": "<p><a href='#'>Payment Methods</a>. Credit Card: Visa, MasterCard, Maestro, American Express.</p>"
          }
        },
        "item-3": {
          "type": "list_item",
          "settings": {
            "icon_class": "fas fa-history",
            "content": "<p><a href='#'>Returns & Refunds</a>. You can return any item purchased on SectionHub within 20 days of the delivery date.</p>"
          }
        }
      },
      "block_order": [
        "item-1",
        "item-2",
        "item-3"
      ]
    },
    "footer-1":{
      "type": "mdp-weare-footer-1",
      "settings": {
        "show_payment_icons":true,
        "show_powered_by":true,
        "show_border":true,
        "margin_top":"0"
      },
      "blocks": {
        "about-us": {
          "type": "text",
          "settings": {
            "title": "About Us",
            "text": "<p>Share store details, promotions, or brand content with your customers.</p>"
          }
        },
        "quick-links": {
          "type": "menu",
          "settings": {
            "title": "Quick Links",
            "footer_link_list": "footer"
          }
        },
        "follow-us": {
          "type": "social_medias",
          "settings": {
            "facebook_link": "#",
            "twitter_link": "#",
            "instagram_link": "#",
            "pinterest_link": "#"
          }
        },
        "subscribe": {
          "type": "newsletter",
          "settings": {
            "title": "Subscribe to our newsletter",
            "subtitle": "A short sentence describing what someone will receive by subscribing"
          }
        }
      },
      "block_order": [
        "about-us",
        "quick-links",
        "follow-us",
        "subscribe"
      ]
    }
  },
  "order":[
    "menu-2",
    "menu-1",
    "breadcrumbs",
    "promo-top",
    "promo-contact",
    "hero-img",
    "gallery",
    "hero",
    "icon-list",
    "footer-1"
  ]
}