{
  "layout": "password",
  "sections": {
    "main": {
      "type": "mdp-weare-password-1",
      "settings": {
        "title": "Opening Soon",
        "subtitle": "Be the first to know when we launch.",
        "image": "shopify:\/\/shop_images\/6_1920.jpg",
        "inverted": true,
        "facebook_link": "\/",
        "twitter_link": "\/",
        "instagram_link": "\/",
        "youtobe_link": "\/",
        "pinterest_link": "\/"
      }
    }
  },
  "order": [
    "main"
  ]
}