{
  "name": "Product",
  "layout":"theme.landing",
  "sections": {
    "menu-2":{
      "type":"mdp-weare-menu-2",
      "settings":{
        "menu":"",
        "enabled_topbar": true,
        "enabled_menu": false,
        "enabled_shadow": false,
        "info_text": false,
        "social_icons": true,
        "discounts": true,
        "work_time": true,
        "country_selector": false,
        "language_selector": false,
        "bg_color": "#FFE8E8",
        "icon_color": "#343434",
        "discount_color": "#E9384F",
        "work_time_color": "#343434"
      },
      "blocks": {
        "facebook": {
          "type": "icons",
          "settings": {
            "icon_class": "fab fa-facebook-f",
            "social_link": "https://www.facebook.com/merkuloveteam"
          }
        },
        "instagram": {
          "type": "icons",
          "settings": {
            "icon_class": "fab fa-instagram",
            "social_link": "https://www.instagram.com/merkulove.team/"
          }
        },
        "tiktok": {
          "type": "icons",
          "settings": {
            "icon_class": "fab fa-tiktok",
            "social_link": "https://www.tiktok.com/"
          }
        },
        "whatsapp": {
          "type": "icons",
          "settings": {
            "icon_class": "fab fa-whatsapp",
            "social_link": "https://www.whatsapp.com/"
          }
        },
        "discounts-1": {
          "type": "discounts",
          "settings": {
            "discounts_text": "Up to 50% off Our Best Bits"
          }
        },
        "discounts-2": {
          "type": "discounts",
          "settings": {
            "discounts_text": "Limited Time Only"
          }
        },
        "discounts-3": {
          "type": "discounts",
          "settings": {
            "discounts_text": "Discover More",
            "discounts_link": "https://themeforest.net/user/merkulove/portfolio?direction=desc&order_by=sortable_at&view=grid"
          }
        },
        "work_time": {
          "type": "work_time",
          "settings": {
            "work_time_text": "Mon-Fri 08:00 - 18:00"
          }
        }
      },
      "block_order": [
        "facebook",
        "instagram",
        "tiktok",
        "whatsapp",
        "discounts-1",
        "discounts-2",
        "discounts-3",
        "work_time"
      ]
    },
    "menu-1":{
      "type": "mdp-weare-menu-1",
      "settings":{
        "logo_size": "150x70",
        "menu": "main-menu",
        "search": true,
        "inverted": false
      },
      "blocks": {
        "facebook": {
          "type": "mobile_icons",
          "settings": {
            "icon_class": "fab fa-facebook-f",
            "social_link": "https://www.facebook.com/merkuloveteam"
          }
        },
        "instagram": {
          "type": "mobile_icons",
          "settings": {
            "icon_class": "fab fa-instagram",
            "social_link": "https://www.instagram.com/merkulove.team/"
          }
        },
        "tiktok": {
          "type": "mobile_icons",
          "settings": {
            "icon_class": "fab fa-tiktok",
            "social_link": "https://www.tiktok.com/"
          }
        },
        "whatsapp": {
          "type": "mobile_icons",
          "settings": {
            "icon_class": "fab fa-whatsapp",
            "social_link": "https://www.whatsapp.com/"
          }
        },
        "work_time": {
          "type": "work_time",
          "settings": {
            "work_time_text": "Mon-Fri 08:00 - 18:00"
          }
        }
      },
      "block_order": [
        "facebook",
        "instagram",
        "tiktok",
        "whatsapp",
        "work_time"
      ]
    },
    "breadcrumbs": {
      "type": "breadcrumbs",
      "settings":{}
    },
    "product": {
      "type": "product-mdp-weare-1",
      "settings": {
        "margin_top": "15",
        "margin_bottom": "65"
      },
      "blocks": {
        "title": {
          "type": "title",
          "settings": {}
        },
        "price": {
          "type": "price",
          "settings": {}
        },
        "visitors": {
          "type": "visitors",
          "settings":{
            "min": "20",
            "max": "30",
            "duration": "10",
            "text": "people are viewing this right now"
          }
        },
        "payment_terms": {
          "type": "payment_terms",
          "settings": {}
        },
        "options": {
          "type": "options",
          "settings": {
            "variants_group": "separately"
          }
        },
        "buttons": {
          "type": "buttons",
          "settings": {}
        },
        "availability": {
          "type": "availability",
          "settings": {}
        },
        "description": {
          "type": "description",
          "settings": {
            "excerpt_words": 0,
            "excerpt_ellipsis": "..."
          }
        },
        "share": {
          "type": "share",
          "settings": {}
        }
      },
      "block_order": [
        "title",
        "price",
        "visitors",
        "payment_terms",
        "options",
        "buttons",
        "dynamic_checkout",
        "availability",
        "description",
        "share"
      ]
    },
    "recommendations": {
      "type": "mdp-weare-product-recommendations",
      "settings": {
        "title": "Related Products",
        "subtitle": "",
        "number_of_products": 10,
        "slides_per_view": 4,
        "images_form": "30",
        "image_size": "270x370_crop_center",
        "sold_out_string": "Sold out",
        "sale_string": "Sale",
        "new_string": "New",
        "select_options_string":"Select options",
        "add_cart_string": "Add to cart"
      }
    },
    "footer-1":{
      "type": "mdp-weare-footer-1",
      "settings": {
        "show_payment_icons":true,
        "show_powered_by":true,
        "show_border":true,
        "margin_top":"0"
      },
      "blocks": {
        "about-us": {
          "type": "text",
          "settings": {
            "title": "About Us",
            "text": "<p>Share store details, promotions, or brand content with your customers.</p>"
          }
        },
        "quick-links": {
          "type": "menu",
          "settings": {
            "title": "Quick Links",
            "footer_link_list": "footer"
          }
        },
        "follow-us": {
          "type": "social_medias",
          "settings": {
            "facebook_link": "#",
            "twitter_link": "#",
            "instagram_link": "#",
            "pinterest_link": "#"
          }
        },
        "subscribe": {
          "type": "newsletter",
          "settings": {
            "title": "Subscribe to our newsletter",
            "subtitle": "A short sentence describing what someone will receive by subscribing"
          }
        }
      },
      "block_order": [
        "about-us",
        "quick-links",
        "follow-us",
        "subscribe"
      ]
    }
  },
  "order":[
    "menu-2",
    "menu-1",
    "breadcrumbs",
    "product",
    "recommendations",
    "footer-1"
  ]
}